id,name,role,created_at,updated_at
33,Orson Welles,Director,2025-11-21T02:06:47.584989+00:00,2025-11-21T02:06:47.584989+00:00
594,Pierce Brosnan,Actor,2025-11-21T02:06:47.584989+00:00,2025-11-21T02:06:47.584989+00:00
45,George Clooney,"Actor, Director",2025-11-21T02:06:47.584989+00:00,2025-11-21T02:06:47.584989+00:00
441,Jennifer Connelly,Actor,2025-11-21T02:06:47.584989+00:00,2025-11-21T02:06:47.584989+00:00
768,John Cusack,Actor,2025-11-21T02:06:47.584989+00:00,2025-11-21T02:06:47.584989+00:00
656,Michael Douglas,Actor,2025-11-21T02:06:47.584989+00:00,2025-11-21T02:06:47.584989+00:00
641,Ralph Fiennes,Actor,2025-11-21T02:06:47.584989+00:00,2025-11-21T02:06:47.584989+00:00
769,Samuel L. Jackson,Actor,2025-11-21T02:06:47.584989+00:00,2025-11-21T02:06:47.584989+00:00
1200,Diane Lane,Actor,2025-11-21T02:06:47.584989+00:00,2025-11-21T02:06:47.584989+00:00
440,Ewan McGregor,"Actor, Director",2025-11-21T02:06:47.584989+00:00,2025-11-21T02:06:47.584989+00:00
674,Julianne Moore,Actor,2025-11-21T02:06:47.584989+00:00,2025-11-21T02:06:47.584989+00:00
672,Martin Scorsese,Director,2025-11-21T02:06:47.584989+00:00,2025-11-21T02:06:47.584989+00:00
47,Charlie Sheen,Actor,2025-11-21T02:06:47.584989+00:00,2025-11-21T02:06:47.584989+00:00
1239,Denzel Washington,Director,2025-11-21T02:06:47.584989+00:00,2025-11-21T02:06:47.584989+00:00
454,Bruce Willis,Actor,2025-11-21T02:06:47.584989+00:00,2025-11-21T02:06:47.584989+00:00
1195,Ben Affleck,Actor,2025-11-21T02:06:47.584989+00:00,2025-11-21T02:06:47.584989+00:00
452,Alec Baldwin,Actor,2025-11-21T02:06:47.584989+00:00,2025-11-21T02:06:47.584989+00:00
593,Kate Beckinsale,Actor,2025-11-21T02:06:47.584989+00:00,2025-11-21T02:06:47.584989+00:00
596,Jeff Bridges,Actor,2025-11-21T02:06:47.584989+00:00,2025-11-21T02:06:47.584989+00:00
855,Clancy Brown,Actor,2025-11-21T02:06:47.584989+00:00,2025-11-21T02:06:47.584989+00:00
815,Don Cheadle,"Actor, Director",2025-11-21T02:06:47.584989+00:00,2025-11-21T02:06:47.584989+00:00
431,Vincent D'Onofrio,Actor,2025-11-21T02:06:47.584989+00:00,2025-11-21T02:06:47.584989+00:00
453,Willem Dafoe,Actor,2025-11-21T02:06:47.584989+00:00,2025-11-21T02:06:47.584989+00:00
673,Matt Damon,Actor,2025-11-21T02:06:47.584989+00:00,2025-11-21T02:06:47.584989+00:00
46,Laura Dern,Actor,2025-11-21T02:06:47.584989+00:00,2025-11-21T02:06:47.584989+00:00
809,Stephen Fry,Actor,2025-11-21T02:06:47.584989+00:00,2025-11-21T02:06:47.584989+00:00
317,John Goodman,Actor,2025-11-21T02:06:47.584989+00:00,2025-11-21T02:06:47.584989+00:00
250,Corey Haim,Actor,2025-11-21T02:06:47.584989+00:00,2025-11-21T02:06:47.584989+00:00
323,Mark Hamill,Actor,2025-11-21T02:06:47.584989+00:00,2025-11-21T02:06:47.584989+00:00
83,Rutger Hauer,Actor,2025-11-21T02:06:47.584989+00:00,2025-11-21T02:06:47.584989+00:00
793,William Hurt,Actor,2025-11-21T02:06:47.584989+00:00,2025-11-21T02:06:47.584989+00:00
511,Jeremy Irons,Actor,2025-11-21T02:06:47.584989+00:00,2025-11-21T02:06:47.584989+00:00
506,Michael Keaton,Actor,2025-11-21T02:06:47.584989+00:00,2025-11-21T02:06:47.584989+00:00
1485,Alice Krige,Actor,2025-11-21T02:06:47.584989+00:00,2025-11-21T02:06:47.584989+00:00
487,Juliette Lewis,Actor,2025-11-21T02:06:47.584989+00:00,2025-11-21T02:06:47.584989+00:00
927,William H. Macy,"Actor, Director",2025-11-21T02:06:47.584989+00:00,2025-11-21T02:06:47.584989+00:00
600,Debi Mazar,Actor,2025-11-21T02:06:47.584989+00:00,2025-11-21T02:06:47.584989+00:00
645,Frances McDormand,Actor,2025-11-21T02:06:47.584989+00:00,2025-11-21T02:06:47.584989+00:00
349,Dina Meyer,Actor,2025-11-21T02:06:47.584989+00:00,2025-11-21T02:06:47.584989+00:00
665,Liam Neeson,Actor,2025-11-21T02:06:47.584989+00:00,2025-11-21T02:06:47.584989+00:00
932,Paul Reubens,Actor,2025-11-21T02:06:47.584989+00:00,2025-11-21T02:06:47.584989+00:00
486,Giovanni Ribisi,Actor,2025-11-21T02:06:47.584989+00:00,2025-11-21T02:06:47.584989+00:00
586,David Thewlis,Actor,2025-11-21T02:06:47.584989+00:00,2025-11-21T02:06:47.584989+00:00
628,Lea Thompson,Actor,2025-11-21T02:06:47.584989+00:00,2025-11-21T02:06:47.584989+00:00
484,Billy Bob Thornton,Actor,2025-11-21T02:06:47.584989+00:00,2025-11-21T02:06:47.584989+00:00
435,BD Wong,Actor,2025-11-21T02:06:47.584989+00:00,2025-11-21T02:06:47.584989+00:00
582,Robin Wright,Actor,2025-11-21T02:06:47.584989+00:00,2025-11-21T02:06:47.584989+00:00
869,Robert Zemeckis,Director,2025-11-21T02:06:47.584989+00:00,2025-11-21T02:06:47.584989+00:00
1107,Christopher Atkins,Actor,2025-11-21T02:06:47.584989+00:00,2025-11-21T02:06:47.584989+00:00
295,Amitabh Bachchan,Actor,2025-11-21T02:06:47.584989+00:00,2025-11-21T02:06:47.584989+00:00
1047,Raymond J. Barry,Actor,2025-11-21T02:06:47.584989+00:00,2025-11-21T02:06:47.584989+00:00
931,Kathy Bates,Actor,2025-11-21T02:06:47.584989+00:00,2025-11-21T02:06:47.584989+00:00
1043,Steven Berkoff,Actor,2025-11-21T02:06:47.584989+00:00,2025-11-21T02:06:47.584989+00:00
25,Peter Bogdanovich,Actor,2025-11-21T02:06:47.584989+00:00,2025-11-21T02:06:47.584989+00:00
639,Josh Brolin,Actor,2025-11-21T02:06:47.584989+00:00,2025-11-21T02:06:47.584989+00:00
648,Ethan Coen,Director,2025-11-21T02:06:47.584989+00:00,2025-11-21T02:06:47.584989+00:00
649,Joel Coen,Director,2025-11-21T02:06:47.584989+00:00,2025-11-21T02:06:47.584989+00:00
504,Peter Coyote,Actor,2025-11-21T02:06:47.584989+00:00,2025-11-21T02:06:47.584989+00:00
463,Billy Crudup,Actor,2025-11-21T02:06:47.584989+00:00,2025-11-21T02:06:47.584989+00:00
930,William Fichtner,Actor,2025-11-21T02:06:47.584989+00:00,2025-11-21T02:06:47.584989+00:00
348,Sean Patrick Flanery,Actor,2025-11-21T02:06:47.584989+00:00,2025-11-21T02:06:47.584989+00:00
48,Louise Fletcher,Actor,2025-11-21T02:06:47.584989+00:00,2025-11-21T02:06:47.584989+00:00
1103,William Forsythe,Actor,2025-11-21T02:06:47.584989+00:00,2025-11-21T02:06:47.584989+00:00
527,Elliott Gould,Actor,2025-11-21T02:06:47.584989+00:00,2025-11-21T02:06:47.584989+00:00
319,Kelsey Grammer,Actor,2025-11-21T02:06:47.584989+00:00,2025-11-21T02:06:47.584989+00:00
666,Ciarán Hinds,Actor,2025-11-21T02:06:47.584989+00:00,2025-11-21T02:06:47.584989+00:00
414,Ernie Hudson,Actor,2025-11-21T02:06:47.584989+00:00,2025-11-21T02:06:47.584989+00:00
23,John Huston,Actor,2025-11-21T02:06:47.584989+00:00,2025-11-21T02:06:47.584989+00:00
528,Derek Jacobi,Actor,2025-11-21T02:06:47.584989+00:00,2025-11-21T02:06:47.584989+00:00
1067,Cloris Leachman,Actor,2025-11-21T02:06:47.584989+00:00,2025-11-21T02:06:47.584989+00:00
477,Jared Leto,Actor,2025-11-21T02:06:47.584989+00:00,2025-11-21T02:06:47.584989+00:00
945,John Lithgow,Actor,2025-11-21T02:06:47.584989+00:00,2025-11-21T02:06:47.584989+00:00
84,John Mahoney,Actor,2025-11-21T02:06:47.584989+00:00,2025-11-21T02:06:47.584989+00:00
85,Mary McDonnell,Actor,2025-11-21T02:06:47.584989+00:00,2025-11-21T02:06:47.584989+00:00
584,Connie Nielsen,Actor,2025-11-21T02:06:47.584989+00:00,2025-11-21T02:06:47.584989+00:00
450,Edward Norton,"Actor, Director",2025-11-21T02:06:47.584989+00:00,2025-11-21T02:06:47.584989+00:00
1192,Robert Patrick,Actor,2025-11-21T02:06:47.584989+00:00,2025-11-21T02:06:47.584989+00:00
734,Guy Pearce,Actor,2025-11-21T02:06:47.584989+00:00,2025-11-21T02:06:47.584989+00:00
796,Christopher Plummer,Actor,2025-11-21T02:06:47.584989+00:00,2025-11-21T02:06:47.584989+00:00
160,Linnea Quigley,Actor,2025-11-21T02:06:47.584989+00:00,2025-11-21T02:06:47.584989+00:00
862,Chris Rock,Actor,2025-11-21T02:06:47.584989+00:00,2025-11-21T02:06:47.584989+00:00
503,Robert Rodriguez,Director,2025-11-21T02:06:47.584989+00:00,2025-11-21T02:06:47.584989+00:00
80,Eva Marie Saint,Actor,2025-11-21T02:06:47.584989+00:00,2025-11-21T02:06:47.584989+00:00
598,Wallace Shawn,Actor,2025-11-21T02:06:47.584989+00:00,2025-11-21T02:06:47.584989+00:00
147,Deborah Shelton,Actor,2025-11-21T02:06:47.584989+00:00,2025-11-21T02:06:47.584989+00:00
26,Susan Strasberg,Actor,2025-11-21T02:06:47.584989+00:00,2025-11-21T02:06:47.584989+00:00
861,Stanley Tucci,Actor,2025-11-21T02:06:47.584989+00:00,2025-11-21T02:06:47.584989+00:00
588,Ewen Bremner,Actor,2025-11-21T02:06:47.584989+00:00,2025-11-21T02:06:47.584989+00:00
1115,Julian Glover,Actor,2025-11-21T02:06:47.584989+00:00,2025-11-21T02:06:47.584989+00:00
797,Diane Ladd,Actor,2025-11-21T02:06:47.584989+00:00,2025-11-21T02:06:47.584989+00:00
1126,Alexander Skarsgård,Actor,2025-11-21T02:06:47.584989+00:00,2025-11-21T02:06:47.584989+00:00
1162,Ron Gilbert,Actor,2025-11-21T02:06:47.584989+00:00,2025-11-21T02:06:47.584989+00:00
154,Kevin Williams,Director,2025-11-21T02:06:47.584989+00:00,2025-11-21T02:06:47.584989+00:00
102,C. Ernst Harth,Actor,2025-11-21T02:06:47.584989+00:00,2025-11-21T02:06:47.584989+00:00
100,Gustavo Fernández,Director,2025-11-21T02:06:47.584989+00:00,2025-11-21T02:06:47.584989+00:00
1018,Brian Cox,Actor,2025-11-21T02:06:47.584989+00:00,2025-11-21T02:06:47.584989+00:00
951,Maria Herrera,Actor,2025-11-21T02:06:47.584989+00:00,2025-11-21T02:06:47.584989+00:00
859,Anne Hathaway,Actor,2025-11-21T02:06:47.584989+00:00,2025-11-21T02:06:47.584989+00:00
1015,Clifton Collins Jr.,Actor,2025-11-21T02:06:47.584989+00:00,2025-11-21T02:06:47.584989+00:00
407,Hema Malini,Actor,2025-11-21T02:06:47.584989+00:00,2025-11-21T02:06:47.584989+00:00
1019,Marisa Coughlan,Actor,2025-11-21T02:06:47.584989+00:00,2025-11-21T02:06:47.584989+00:00
597,Tate Donovan,Actor,2025-11-21T02:06:47.584989+00:00,2025-11-21T02:06:47.584989+00:00
850,Ben Foster,Actor,2025-11-21T02:06:47.584989+00:00,2025-11-21T02:06:47.584989+00:00
791,LisaGay Hamilton,Actor,2025-11-21T02:06:47.584989+00:00,2025-11-21T02:06:47.584989+00:00
552,Djimon Hounsou,Actor,2025-11-21T02:06:47.584989+00:00,2025-11-21T02:06:47.584989+00:00
926,Felicity Huffman,Actor,2025-11-21T02:06:47.584989+00:00,2025-11-21T02:06:47.584989+00:00
774,Stacy Keach,Actor,2025-11-21T02:06:47.584989+00:00,2025-11-21T02:06:47.584989+00:00
410,Sanaa Lathan,Actor,2025-11-21T02:06:47.584989+00:00,2025-11-21T02:06:47.584989+00:00
488,Dash Mihok,Actor,2025-11-21T02:06:47.584989+00:00,2025-11-21T02:06:47.584989+00:00
605,Elisabeth Moss,Actor,2025-11-21T02:06:47.584989+00:00,2025-11-21T02:06:47.584989+00:00
1014,Seann William Scott,Actor,2025-11-21T02:06:47.584989+00:00,2025-11-21T02:06:47.584989+00:00
1108,Alexis Thorpe,Actor,2025-11-21T02:06:47.584989+00:00,2025-11-21T02:06:47.584989+00:00
413,Lynn Whitfield,Actor,2025-11-21T02:06:47.584989+00:00,2025-11-21T02:06:47.584989+00:00
371,Karisma Kapoor,Actor,2025-11-21T02:06:47.584989+00:00,2025-11-21T02:06:47.584989+00:00
937,Brian Palermo,Actor,2025-11-21T02:06:47.584989+00:00,2025-11-21T02:06:47.584989+00:00
1495,Philippe Leroy,Actor,2025-11-21T02:06:47.584989+00:00,2025-11-21T02:06:47.584989+00:00
55,André Szöts,Director,2025-11-21T02:06:47.584989+00:00,2025-11-21T02:06:47.584989+00:00
681,Karimah Westbrook,Actor,2025-11-21T02:06:47.584989+00:00,2025-11-21T02:06:47.584989+00:00
89,John Bailey,Director,2025-11-21T02:06:47.584989+00:00,2025-11-21T02:06:47.584989+00:00
400,Dev Anand,Actor,2025-11-21T02:06:47.584989+00:00,2025-11-21T02:06:47.584989+00:00
897,Peter Abbay,Actor,2025-11-21T02:06:47.584989+00:00,2025-11-21T02:06:47.584989+00:00
1198,Amy Adams,Actor,2025-11-21T02:06:47.584989+00:00,2025-11-21T02:06:47.584989+00:00
1020,Umie Aida,Actor,2025-11-21T02:06:47.584989+00:00,2025-11-21T02:06:47.584989+00:00
13,Luis Alarcón,Actor,2025-11-21T02:06:47.584989+00:00,2025-11-21T02:06:47.584989+00:00
1160,Jane Alderman,Actor,2025-11-21T02:06:47.584989+00:00,2025-11-21T02:06:47.584989+00:00
369,Luis Aller,Director,2025-11-21T02:06:47.584989+00:00,2025-11-21T02:06:47.584989+00:00
492,Tom Amandes,Actor,2025-11-21T02:06:47.584989+00:00,2025-11-21T02:06:47.584989+00:00
465,Michael Angarano,Actor,2025-11-21T02:06:47.584989+00:00,2025-11-21T02:06:47.584989+00:00
1497,Francesca Antonelli,Actor,2025-11-21T02:06:47.584989+00:00,2025-11-21T02:06:47.584989+00:00
81,Alex Appel,Actor,2025-11-21T02:06:47.584989+00:00,2025-11-21T02:06:47.584989+00:00
917,Domiziano Arcangeli,Actor,2025-11-21T02:06:47.584989+00:00,2025-11-21T02:06:47.584989+00:00
1042,David Arrow,Actor,2025-11-21T02:06:47.584989+00:00,2025-11-21T02:06:47.584989+00:00
268,Tadanobu Asano,Actor,2025-11-21T02:06:47.584989+00:00,2025-11-21T02:06:47.584989+00:00
1104,Matthew Ashford,Actor,2025-11-21T02:06:47.584989+00:00,2025-11-21T02:06:47.584989+00:00
1491,Richard Ashton,Actor,2025-11-21T02:06:47.584989+00:00,2025-11-21T02:06:47.584989+00:00
1237,Vanessa Aspillaga,Actor,2025-11-21T02:06:47.584989+00:00,2025-11-21T02:06:47.584989+00:00
131,Pralhad Keshav Atre,Director,2025-11-21T02:06:47.584989+00:00,2025-11-21T02:06:47.584989+00:00
362,Anna Azcona,Actor,2025-11-21T02:06:47.584989+00:00,2025-11-21T02:06:47.584989+00:00
1512,Dinesh Babu,Director,2025-11-21T02:06:47.584989+00:00,2025-11-21T02:06:47.584989+00:00
959,Dian Bachar,Actor,2025-11-21T02:06:47.584989+00:00,2025-11-21T02:06:47.584989+00:00
356,Tim Bagley,Actor,2025-11-21T02:06:47.584989+00:00,2025-11-21T02:06:47.584989+00:00
156,Nick Baldasare,Actor,2025-11-21T02:06:47.584989+00:00,2025-11-21T02:06:47.584989+00:00
88,Megan Banning,Actor,2025-11-21T02:06:47.584989+00:00,2025-11-21T02:06:47.584989+00:00
133,Rich Grosso,Actor,2025-11-21T02:06:47.584989+00:00,2025-11-21T02:06:47.584989+00:00
82,Nancy Beatty,Actor,2025-11-21T02:06:47.584989+00:00,2025-11-21T02:06:47.584989+00:00
733,Jamie Bell,Actor,2025-11-21T02:06:47.584989+00:00,2025-11-21T02:06:47.584989+00:00
920,Ettore Belmondo,Actor,2025-11-21T02:06:47.584989+00:00,2025-11-21T02:06:47.584989+00:00
338,Andrea Beltrão,Actor,2025-11-21T02:06:47.584989+00:00,2025-11-21T02:06:47.584989+00:00
412,Lyriq Bent,Actor,2025-11-21T02:06:47.584989+00:00,2025-11-21T02:06:47.584989+00:00
351,Michael Berryman,Actor,2025-11-21T02:06:47.584989+00:00,2025-11-21T02:06:47.584989+00:00
339,Paulo Betti,Actor,2025-11-21T02:06:47.584989+00:00,2025-11-21T02:06:47.584989+00:00
142,Victor Bevine,Director,2025-11-21T02:06:47.584989+00:00,2025-11-21T02:06:47.584989+00:00
283,Tanikella Bharani,Actor,2025-11-21T02:06:47.584989+00:00,2025-11-21T02:06:47.584989+00:00
208,Ardhendu Mukherjee,Director,2025-11-21T02:06:47.584989+00:00,2025-11-21T02:06:47.584989+00:00
72,Ashwini Bhave,Actor,2025-11-21T02:06:47.584989+00:00,2025-11-21T02:06:47.584989+00:00
225,Narasimha Rao Bhimavarapu,Director,2025-11-21T02:06:47.584989+00:00,2025-11-21T02:06:47.584989+00:00
933,Jordan Black,Actor,2025-11-21T02:06:47.584989+00:00,2025-11-21T02:06:47.584989+00:00
1147,Chris Blasman,Actor,2025-11-21T02:06:47.584989+00:00,2025-11-21T02:06:47.584989+00:00
346,Ricardo Blat,Actor,2025-11-21T02:06:47.584989+00:00,2025-11-21T02:06:47.584989+00:00
146,Wolfgang Bodison,Actor,2025-11-21T02:06:47.584989+00:00,2025-11-21T02:06:47.584989+00:00
569,Kim Bodnia,Actor,2025-11-21T02:06:47.584989+00:00,2025-11-21T02:06:47.584989+00:00
1154,Holt Boggs,Actor,2025-11-21T02:06:47.584989+00:00,2025-11-21T02:06:47.584989+00:00
64,Fernando Bordeu,Actor,2025-11-21T02:06:47.584989+00:00,2025-11-21T02:06:47.584989+00:00
94,Alexandre Borges,Actor,2025-11-21T02:06:47.584989+00:00,2025-11-21T02:06:47.584989+00:00
1529,Rasmus Botoft,Actor,2025-11-21T02:06:47.584989+00:00,2025-11-21T02:06:47.584989+00:00
864,Brian Bovell,Actor,2025-11-21T02:06:47.584989+00:00,2025-11-21T02:06:47.584989+00:00
342,Gabriel Braga Nunes,Actor,2025-11-21T02:06:47.584989+00:00,2025-11-21T02:06:47.584989+00:00
284,Brahmanandam,Actor,2025-11-21T02:06:47.584989+00:00,2025-11-21T02:06:47.584989+00:00
1046,Jonathan Breck,Actor,2025-11-21T02:06:47.584989+00:00,2025-11-21T02:06:47.584989+00:00
551,Adam Brody,Actor,2025-11-21T02:06:47.584989+00:00,2025-11-21T02:06:47.584989+00:00
368,Manuel Bronchud,Actor,2025-11-21T02:06:47.584989+00:00,2025-11-21T02:06:47.584989+00:00
353,Brianna Brown,Actor,2025-11-21T02:06:47.584989+00:00,2025-11-21T02:06:47.584989+00:00
814,Matt Brown,Director,2025-11-21T02:06:47.584989+00:00,2025-11-21T02:06:47.584989+00:00
242,Hans-Dieter Brückner,Actor,2025-11-21T02:06:47.584989+00:00,2025-11-21T02:06:47.584989+00:00
939,Tara Buck,Actor,2025-11-21T02:06:47.584989+00:00,2025-11-21T02:06:47.584989+00:00
877,Claus Bue,Actor,2025-11-21T02:06:47.584989+00:00,2025-11-21T02:06:47.584989+00:00
99,Aldo Bueno,Actor,2025-11-21T02:06:47.584989+00:00,2025-11-21T02:06:47.584989+00:00
44,Augusto Cabrita,Director,2025-11-21T02:06:47.584989+00:00,2025-11-21T02:06:47.584989+00:00
457,Bobby Cannavale,Actor,2025-11-21T02:06:47.584989+00:00,2025-11-21T02:06:47.584989+00:00
20,Néstor Cantillana,Actor,2025-11-21T02:06:47.584989+00:00,2025-11-21T02:06:47.584989+00:00
243,Leonore Capell,Actor,2025-11-21T02:06:47.584989+00:00,2025-11-21T02:06:47.584989+00:00
1494,Cristiana Capotondi,Actor,2025-11-21T02:06:47.584989+00:00,2025-11-21T02:06:47.584989+00:00
92,Marcos Caruso,Actor,2025-11-21T02:06:47.584989+00:00,2025-11-21T02:06:47.584989+00:00
111,Stephen James Carver,Actor,2025-11-21T02:06:47.584989+00:00,2025-11-21T02:06:47.584989+00:00
1197,Henry Cavill,Actor,2025-11-21T02:06:47.584989+00:00,2025-11-21T02:06:47.584989+00:00
693,Justin Chadwick,Director,2025-11-21T02:06:47.584989+00:00,2025-11-21T02:06:47.584989+00:00
1010,Jay Chandrasekhar,"Actor, Director",2025-11-21T02:06:47.584989+00:00,2025-11-21T02:06:47.584989+00:00
105,Ron Chartier,Actor,2025-11-21T02:06:47.584989+00:00,2025-11-21T02:06:47.584989+00:00
808,Dhritiman Chatterjee,Actor,2025-11-21T02:06:47.584989+00:00,2025-11-21T02:06:47.584989+00:00
1481,Swatilekha Sengupta,Actor,2025-11-21T02:06:47.584989+00:00,2025-11-21T02:06:47.584989+00:00
106,Dmitry Chepovetsky,Actor,2025-11-21T02:06:47.584989+00:00,2025-11-21T02:06:47.584989+00:00
325,Peter Chew,Actor,2025-11-21T02:06:47.584989+00:00,2025-11-21T02:06:47.584989+00:00
1044,Claudia Christian,Actor,2025-11-21T02:06:47.584989+00:00,2025-11-21T02:06:47.584989+00:00
541,Diana Cignoni,Actor,2025-11-21T02:06:47.584989+00:00,2025-11-21T02:06:47.584989+00:00
943,Jason Clarke,Actor,2025-11-21T02:06:47.584989+00:00,2025-11-21T02:06:47.584989+00:00
747,Richard Coca,Actor,2025-11-21T02:06:47.584989+00:00,2025-11-21T02:06:47.584989+00:00
960,Tim Colceri,Actor,2025-11-21T02:06:47.584989+00:00,2025-11-21T02:06:47.584989+00:00
322,Kay Cole,Actor,2025-11-21T02:06:47.584989+00:00,2025-11-21T02:06:47.584989+00:00
188,Douglas Coler,Actor,2025-11-21T02:06:47.584989+00:00,2025-11-21T02:06:47.584989+00:00
1052,Bruno Coppola,Director,2025-11-21T02:06:47.584989+00:00,2025-11-21T02:06:47.584989+00:00
144,Nicolas Coster,Actor,2025-11-21T02:06:47.584989+00:00,2025-11-21T02:06:47.584989+00:00
934,Doug Cox,Actor,2025-11-21T02:06:47.584989+00:00,2025-11-21T02:06:47.584989+00:00
1355,Barbara Crampton,Actor,2025-11-21T02:06:47.584989+00:00,2025-11-21T02:06:47.584989+00:00
104,Chilton Crane,Actor,2025-11-21T02:06:47.584989+00:00,2025-11-21T02:06:47.584989+00:00
1373,Donncha Crowley,Actor,2025-11-21T02:06:47.584989+00:00,2025-11-21T02:06:47.584989+00:00
630,Raymond Cruz,Actor,2025-11-21T02:06:47.584989+00:00,2025-11-21T02:06:47.584989+00:00
330,Chaoming Cui,Actor,2025-11-21T02:06:47.584989+00:00,2025-11-21T02:06:47.584989+00:00
1060,Kaley Cuoco,Actor,2025-11-21T02:06:47.584989+00:00,2025-11-21T02:06:47.584989+00:00
1051,Theodor Danetti,Actor,2025-11-21T02:06:47.584989+00:00,2025-11-21T02:06:47.584989+00:00
1153,Buddy Daniels Friedman,Actor,2025-11-21T02:06:47.584989+00:00,2025-11-21T02:06:47.584989+00:00
893,Eddie Daniels,Actor,2025-11-21T02:06:47.584989+00:00,2025-11-21T02:06:47.584989+00:00
354,Kim Darby,Actor,2025-11-21T02:06:47.584989+00:00,2025-11-21T02:06:47.584989+00:00
701,Keith David,Actor,2025-11-21T02:06:47.584989+00:00,2025-11-21T02:06:47.584989+00:00
583,Lucy Davis,Actor,2025-11-21T02:06:47.584989+00:00,2025-11-21T02:06:47.584989+00:00
964,Tomi Davis,Actor,2025-11-21T02:06:47.584989+00:00,2025-11-21T02:06:47.584989+00:00
107,Bruce Dawson,Actor,2025-11-21T02:06:47.584989+00:00,2025-11-21T02:06:47.584989+00:00
923,Rosario Dawson,Actor,2025-11-21T02:06:47.584989+00:00,2025-11-21T02:06:47.584989+00:00
745,Danny De La Paz,Actor,2025-11-21T02:06:47.584989+00:00,2025-11-21T02:06:47.584989+00:00
210,Eucir de Souza,Actor,2025-11-21T02:06:47.584989+00:00,2025-11-21T02:06:47.584989+00:00
315,Raffaello Degruttola,Actor,2025-11-21T02:06:47.584989+00:00,2025-11-21T02:06:47.584989+00:00
782,Athena Demos,Actor,2025-11-21T02:06:47.584989+00:00,2025-11-21T02:06:47.584989+00:00
75,Kusum Deshpande,Actor,2025-11-21T02:06:47.584989+00:00,2025-11-21T02:06:47.584989+00:00
173,Charles Dierkop,Actor,2025-11-21T02:06:47.584989+00:00,2025-11-21T02:06:47.584989+00:00
1227,Garret Dillahunt,Actor,2025-11-21T02:06:47.584989+00:00,2025-11-21T02:06:47.584989+00:00
1217,Portia Doubleday,Actor,2025-11-21T02:06:47.584989+00:00,2025-11-21T02:06:47.584989+00:00
1489,Sarah Douglas,Actor,2025-11-21T02:06:47.584989+00:00,2025-11-21T02:06:47.584989+00:00
1178,John Ducey,Actor,2025-11-21T02:06:47.584989+00:00,2025-11-21T02:06:47.584989+00:00
599,Anh Duong,Actor,2025-11-21T02:06:47.584989+00:00,2025-11-21T02:06:47.584989+00:00
779,Deborah Dutch,Actor,2025-11-21T02:06:47.584989+00:00,2025-11-21T02:06:47.584989+00:00
65,Tommy Dysart,Actor,2025-11-21T02:06:47.584989+00:00,2025-11-21T02:06:47.584989+00:00
35,Marcial Edwards,Actor,2025-11-21T02:06:47.584989+00:00,2025-11-21T02:06:47.584989+00:00
473,Idris Elba,Actor,2025-11-21T02:06:47.584989+00:00,2025-11-21T02:06:47.584989+00:00
891,Chris Elwood,Actor,2025-11-21T02:06:47.584989+00:00,2025-11-21T02:06:47.584989+00:00
700,Mike Epps,Actor,2025-11-21T02:06:47.584989+00:00,2025-11-21T02:06:47.584989+00:00
294,Jean Epstein,Director,2025-11-21T02:06:47.584989+00:00,2025-11-21T02:06:47.584989+00:00
743,Tonantzin Esparza,Actor,2025-11-21T02:06:47.584989+00:00,2025-11-21T02:06:47.584989+00:00
233,John Fairlie,Actor,2025-11-21T02:06:47.584989+00:00,2025-11-21T02:06:47.584989+00:00
442,Dakota Fanning,Actor,2025-11-21T02:06:47.584989+00:00,2025-11-21T02:06:47.584989+00:00
277,Peggy Faracy,Actor,2025-11-21T02:06:47.584989+00:00,2025-11-21T02:06:47.584989+00:00
96,James Faulkner,Actor,2025-11-21T02:06:47.584989+00:00,2025-11-21T02:06:47.584989+00:00
607,Peter Ferdinando,Actor,2025-11-21T02:06:47.584989+00:00,2025-11-21T02:06:47.584989+00:00
1158,Sandra Dee Robinson,Actor,2025-11-21T02:06:47.584989+00:00,2025-11-21T02:06:47.584989+00:00
748,Evelina Fernández,Actor,2025-11-21T02:06:47.584989+00:00,2025-11-21T02:06:47.584989+00:00
143,Davide Ferrario,Director,2025-11-21T02:06:47.584989+00:00,2025-11-21T02:06:47.584989+00:00
347,Guilherme Fontes,Director,2025-11-21T02:06:47.584989+00:00,2025-11-21T02:06:47.584989+00:00
54,Deborah Foreman,Actor,2025-11-21T02:06:47.584989+00:00,2025-11-21T02:06:47.584989+00:00
278,Floyd Foster Jr.,Actor,2025-11-21T02:06:47.584989+00:00,2025-11-21T02:06:47.584989+00:00
27,Norman Foster,Actor,2025-11-21T02:06:47.584989+00:00,2025-11-21T02:06:47.584989+00:00
898,Vincent Foster,Actor,2025-11-21T02:06:47.584989+00:00,2025-11-21T02:06:47.584989+00:00
929,Rick Fox,Actor,2025-11-21T02:06:47.584989+00:00,2025-11-21T02:06:47.584989+00:00
318,Jeff Foxworthy,Actor,2025-11-21T02:06:47.584989+00:00,2025-11-21T02:06:47.584989+00:00
246,Michael Frank,Actor,2025-11-21T02:06:47.584989+00:00,2025-11-21T02:06:47.584989+00:00
93,Cássio Gabus Mendes,Actor,2025-11-21T02:06:47.584989+00:00,2025-11-21T02:06:47.584989+00:00
712,Johnny Galecki,Actor,2025-11-21T02:06:47.584989+00:00,2025-11-21T02:06:47.584989+00:00
692,Zach Galifianakis,Actor,2025-11-21T02:06:47.584989+00:00,2025-11-21T02:06:47.584989+00:00
260,François Garcia,Director,2025-11-21T02:06:47.584989+00:00,2025-11-21T02:06:47.584989+00:00
1062,Jorge Garcia,Actor,2025-11-21T02:06:47.584989+00:00,2025-11-21T02:06:47.584989+00:00
61,Liliana García,Actor,2025-11-21T02:06:47.584989+00:00,2025-11-21T02:06:47.584989+00:00
1222,Ana de la Reguera,Actor,2025-11-21T02:06:47.584989+00:00,2025-11-21T02:06:47.584989+00:00
63,Leticia Garrido,Actor,2025-11-21T02:06:47.584989+00:00,2025-11-21T02:06:47.584989+00:00
112,Richard Gasparian,Actor,2025-11-21T02:06:47.584989+00:00,2025-11-21T02:06:47.584989+00:00
970,Gill Gayle,Actor,2025-11-21T02:06:47.584989+00:00,2025-11-21T02:06:47.584989+00:00
247,Tanja Geke,Actor,2025-11-21T02:06:47.584989+00:00,2025-11-21T02:06:47.584989+00:00
570,Tygo Gernandt,Actor,2025-11-21T02:06:47.584989+00:00,2025-11-21T02:06:47.584989+00:00
1168,Kulvinder Ghir,Actor,2025-11-21T02:06:47.584989+00:00,2025-11-21T02:06:47.584989+00:00
1036,Paul Giamatti,Actor,2025-11-21T02:06:47.584989+00:00,2025-11-21T02:06:47.584989+00:00
343,Eliane Giardini,Actor,2025-11-21T02:06:47.584989+00:00,2025-11-21T02:06:47.584989+00:00
212,Sílvia Gless,Actor,2025-11-21T02:06:47.584989+00:00,2025-11-21T02:06:47.584989+00:00
7,Bernhard Goetzke,Actor,2025-11-21T02:06:47.584989+00:00,2025-11-21T02:06:47.584989+00:00
1606,Nick Gomez,Actor,2025-11-21T02:06:47.584989+00:00,2025-11-21T02:06:47.584989+00:00
1246,Milton Gonçalves,Actor,2025-11-21T02:06:47.584989+00:00,2025-11-21T02:06:47.584989+00:00
554,Meagan Good,Actor,2025-11-21T02:06:47.584989+00:00,2025-11-21T02:06:47.584989+00:00
686,Holliday Grainger,Actor,2025-11-21T02:06:47.584989+00:00,2025-11-21T02:06:47.584989+00:00
766,Juliet Grainger,Actor,2025-11-21T02:06:47.584989+00:00,2025-11-21T02:06:47.584989+00:00
429,Judy Greer,Actor,2025-11-21T02:06:47.584989+00:00,2025-11-21T02:06:47.584989+00:00
416,Camille Guaty,Actor,2025-11-21T02:06:47.584989+00:00,2025-11-21T02:06:47.584989+00:00
608,Sienna Guillory,Actor,2025-11-21T02:06:47.584989+00:00,2025-11-21T02:06:47.584989+00:00
352,Francis Guinan,Actor,2025-11-21T02:06:47.584989+00:00,2025-11-21T02:06:47.584989+00:00
125,Sumati Gupte,Actor,2025-11-21T02:06:47.584989+00:00,2025-11-21T02:06:47.584989+00:00
697,Ronald Guttman,Actor,2025-11-21T02:06:47.584989+00:00,2025-11-21T02:06:47.584989+00:00
16,Delfina Guzmán,Actor,2025-11-21T02:06:47.584989+00:00,2025-11-21T02:06:47.584989+00:00
248,Claus Theo Gärtner,Actor,2025-11-21T02:06:47.584989+00:00,2025-11-21T02:06:47.584989+00:00
1382,Mitra Hajjar,Actor,2025-11-21T02:06:47.584989+00:00,2025-11-21T02:06:47.584989+00:00
1479,Indrani Haldar,Actor,2025-11-21T02:06:47.584989+00:00,2025-11-21T02:06:47.584989+00:00
498,Jackie Earle Haley,Actor,2025-11-21T02:06:47.584989+00:00,2025-11-21T02:06:47.584989+00:00
1116,Jerry Hall,Actor,2025-11-21T02:06:47.584989+00:00,2025-11-21T02:06:47.584989+00:00
682,James Handy,Actor,2025-11-21T02:06:47.584989+00:00,2025-11-21T02:06:47.584989+00:00
148,Jim Hanks,Actor,2025-11-21T02:06:47.584989+00:00,2025-11-21T02:06:47.584989+00:00
1166,Robert Hardy,Actor,2025-11-21T02:06:47.584989+00:00,2025-11-21T02:06:47.584989+00:00
1534,Tilde Harkamp,Director,2025-11-21T02:06:47.584989+00:00,2025-11-21T02:06:47.584989+00:00
419,Jen Harper,Actor,2025-11-21T02:06:47.584989+00:00,2025-11-21T02:06:47.584989+00:00
101,Anthony Harrison,"Actor, Director",2025-11-21T02:06:47.584989+00:00,2025-11-21T02:06:47.584989+00:00
1058,Kevin Hart,Actor,2025-11-21T02:06:47.584989+00:00,2025-11-21T02:06:47.584989+00:00
1001,Erik LaRay Harvey,Actor,2025-11-21T02:06:47.584989+00:00,2025-11-21T02:06:47.584989+00:00
103,Ellie Harvie,Actor,2025-11-21T02:06:47.584989+00:00,2025-11-21T02:06:47.584989+00:00
1029,Ramli Hassan,Actor,2025-11-21T02:06:47.584989+00:00,2025-11-21T02:06:47.584989+00:00
244,Jürgen Haug,Actor,2025-11-21T02:06:47.584989+00:00,2025-11-21T02:06:47.584989+00:00
1091,James Hawes,Director,2025-11-21T02:06:47.584989+00:00,2025-11-21T02:06:47.584989+00:00
606,Keeley Hawes,Actor,2025-11-21T02:06:47.584989+00:00,2025-11-21T02:06:47.584989+00:00
1011,Kevin Heffernan,Actor,2025-11-21T02:06:47.584989+00:00,2025-11-21T02:06:47.584989+00:00
629,Sam Hennings,Actor,2025-11-21T02:06:47.584989+00:00,2025-11-21T02:06:47.584989+00:00
18,Sergio Hernández,Actor,2025-11-21T02:06:47.584989+00:00,2025-11-21T02:06:47.584989+00:00
987,John Higbie,Director,2025-11-21T02:06:47.584989+00:00,2025-11-21T02:06:47.584989+00:00
530,Torri Higginson,Actor,2025-11-21T02:06:47.584989+00:00,2025-11-21T02:06:47.584989+00:00
690,Douglas Hodge,Actor,2025-11-21T02:06:47.584989+00:00,2025-11-21T02:06:47.584989+00:00
687,Tom Hollander,Actor,2025-11-21T02:06:47.584989+00:00,2025-11-21T02:06:47.584989+00:00
879,Tom Hooper,Director,2025-11-21T02:06:47.584989+00:00,2025-11-21T02:06:47.584989+00:00
585,Danny Huston,Actor,2025-11-21T02:06:47.584989+00:00,2025-11-21T02:06:47.584989+00:00
1137,Carice van Houten,Actor,2025-11-21T02:06:47.584989+00:00,2025-11-21T02:06:47.584989+00:00
427,Bryce Dallas Howard,Actor,2025-11-21T02:06:47.584989+00:00,2025-11-21T02:06:47.584989+00:00
1065,Ken Howard,Actor,2025-11-21T02:06:47.584989+00:00,2025-11-21T02:06:47.584989+00:00
66,Frank Howson,Director,2025-11-21T02:06:47.584989+00:00,2025-11-21T02:06:47.584989+00:00
538,Jay Huguley,Actor,2025-11-21T02:06:47.584989+00:00,2025-11-21T02:06:47.584989+00:00
698,Chuma Gault,Actor,2025-11-21T02:06:47.584989+00:00,2025-11-21T02:06:47.584989+00:00
490,Ryan Hurst,Actor,2025-11-21T02:06:47.584989+00:00,2025-11-21T02:06:47.584989+00:00
1281,Toby Huss,Actor,2025-11-21T02:06:47.584989+00:00,2025-11-21T02:06:47.584989+00:00
1021,Faizal Hussein,Actor,2025-11-21T02:06:47.584989+00:00,2025-11-21T02:06:47.584989+00:00
182,Gregory Hustad,Actor,2025-11-21T02:06:47.584989+00:00,2025-11-21T02:06:47.584989+00:00
152,Harry Hutchinson,Actor,2025-11-21T02:06:47.584989+00:00,2025-11-21T02:06:47.584989+00:00
108,Rheta Hutton,Actor,2025-11-21T02:06:47.584989+00:00,2025-11-21T02:06:47.584989+00:00
137,James Ingersoll,Actor,2025-11-21T02:06:47.584989+00:00,2025-11-21T02:06:47.584989+00:00
50,Steve Inwood,Actor,2025-11-21T02:06:47.584989+00:00,2025-11-21T02:06:47.584989+00:00
634,Brittany Ishibashi,Actor,2025-11-21T02:06:47.584989+00:00,2025-11-21T02:06:47.584989+00:00
403,Jaaved Jaaferi,Actor,2025-11-21T02:06:47.584989+00:00,2025-11-21T02:06:47.584989+00:00
1181,Nick Jameson,Actor,2025-11-21T02:06:47.584989+00:00,2025-11-21T02:06:47.584989+00:00
387,Talat Jani,Director,2025-11-21T02:06:47.584989+00:00,2025-11-21T02:06:47.584989+00:00
1267,Jayaram,Actor,2025-11-21T02:06:47.584989+00:00,2025-11-21T02:06:47.584989+00:00
590,Patty Jenkins,Director,2025-11-21T02:06:47.584989+00:00,2025-11-21T02:06:47.584989+00:00
636,Jossara Jinaro,Actor,2025-11-21T02:06:47.584989+00:00,2025-11-21T02:06:47.584989+00:00
642,Scarlett Johansson,Actor,2025-11-21T02:06:47.584989+00:00,2025-11-21T02:06:47.584989+00:00
1031,Dwayne Johnson,Actor,2025-11-21T02:06:47.584989+00:00,2025-11-21T02:06:47.584989+00:00
132,Kenny Johnson,Actor,2025-11-21T02:06:47.584989+00:00,2025-11-21T02:06:47.584989+00:00
456,Cherry Jones,Actor,2025-11-21T02:06:47.584989+00:00,2025-11-21T02:06:47.584989+00:00
707,Richard T. Jones,Actor,2025-11-21T02:06:47.584989+00:00,2025-11-21T02:06:47.584989+00:00
813,Toby Jones,Actor,2025-11-21T02:06:47.584989+00:00,2025-11-21T02:06:47.584989+00:00
890,Gregor Jordan,Director,2025-11-21T02:06:47.584989+00:00,2025-11-21T02:06:47.584989+00:00
388,Michael B. Jordan,Actor,2025-11-21T02:06:47.584989+00:00,2025-11-21T02:06:47.584989+00:00
191,Tom Joslin,Director,2025-11-21T02:06:47.584989+00:00,2025-11-21T02:06:47.584989+00:00
702,Ella Joyce,Actor,2025-11-21T02:06:47.584989+00:00,2025-11-21T02:06:47.584989+00:00
709,Jane Kaczmarek,Actor,2025-11-21T02:06:47.584989+00:00,2025-11-21T02:06:47.584989+00:00
405,Kader Khan,Actor,2025-11-21T02:06:47.584989+00:00,2025-11-21T02:06:47.584989+00:00
571,Antonie Kamerling,Actor,2025-11-21T02:06:47.584989+00:00,2025-11-21T02:06:47.584989+00:00
149,John Kapelos,Actor,2025-11-21T02:06:47.584989+00:00,2025-11-21T02:06:47.584989+00:00
113,Holly Kaplan,Actor,2025-11-21T02:06:47.584989+00:00,2025-11-21T02:06:47.584989+00:00
390,Cindy Katz,Actor,2025-11-21T02:06:47.584989+00:00,2025-11-21T02:06:47.584989+00:00
784,Ken Keen,Actor,2025-11-21T02:06:47.584989+00:00,2025-11-21T02:06:47.584989+00:00
241,Stephanie Kellner,Actor,2025-11-21T02:06:47.584989+00:00,2025-11-21T02:06:47.584989+00:00
840,Colson Baker,Actor,2025-11-21T02:06:47.584989+00:00,2025-11-21T02:06:47.584989+00:00
1167,Ross Kemp,Actor,2025-11-21T02:06:47.584989+00:00,2025-11-21T02:06:47.584989+00:00
1007,JoNell Kennedy,Actor,2025-11-21T02:06:47.584989+00:00,2025-11-21T02:06:47.584989+00:00
1456,Randy Kent,Director,2025-11-21T02:06:47.584989+00:00,2025-11-21T02:06:47.584989+00:00
1532,Tommy Kenter,Actor,2025-11-21T02:06:47.584989+00:00,2025-11-21T02:06:47.584989+00:00
540,Ken Kercheval,Actor,2025-11-21T02:06:47.584989+00:00,2025-11-21T02:06:47.584989+00:00
1228,Tig Notaro,Actor,2025-11-21T02:06:47.584989+00:00,2025-11-21T02:06:47.584989+00:00
370,Arshad Warsi,Actor,2025-11-21T02:06:47.584989+00:00,2025-11-21T02:06:47.584989+00:00
378,Ayub Khan,Actor,2025-11-21T02:06:47.584989+00:00,2025-11-21T02:06:47.584989+00:00
430,Irrfan Khan,Actor,2025-11-21T02:06:47.584989+00:00,2025-11-21T02:06:47.584989+00:00
372,Anupam Kher,Actor,2025-11-21T02:06:47.584989+00:00,2025-11-21T02:06:47.584989+00:00
1184,Holly Meowy,Actor,2025-11-21T02:06:47.584989+00:00,2025-11-21T02:06:47.584989+00:00
8,Rudolf Klein-Rhoden,Actor,2025-11-21T02:06:47.584989+00:00,2025-11-21T02:06:47.584989+00:00
24,Oja Kodar,Actor,2025-11-21T02:06:47.584989+00:00,2025-11-21T02:06:47.584989+00:00
350,Frederick Koehler,Actor,2025-11-21T02:06:47.584989+00:00,2025-11-21T02:06:47.584989+00:00
1117,Jeroen Krabbé,Actor,2025-11-21T02:06:47.584989+00:00,2025-11-21T02:06:47.584989+00:00
109,Ivan Krapic,Actor,2025-11-21T02:06:47.584989+00:00,2025-11-21T02:06:47.584989+00:00
670,Yôsuke Kubozuka,Actor,2025-11-21T02:06:47.584989+00:00,2025-11-21T02:06:47.584989+00:00
130,Shankar Kulkarni,Actor,2025-11-21T02:06:47.584989+00:00,2025-11-21T02:06:47.584989+00:00
406,Kiran Kumar,Actor,2025-11-21T02:06:47.584989+00:00,2025-11-21T02:06:47.584989+00:00
827,Leopoldo Laborde,Director,2025-11-21T02:06:47.584989+00:00,2025-11-21T02:06:47.584989+00:00
1608,Amy Landecker,Actor,2025-11-21T02:06:47.584989+00:00,2025-11-21T02:06:47.584989+00:00
804,Christian Lara,Director,2025-11-21T02:06:47.584989+00:00,2025-11-21T02:06:47.584989+00:00
263,Josh Lawson,Actor,2025-11-21T02:06:47.584989+00:00,2025-11-21T02:06:47.584989+00:00
184,Catherine Lazo,Actor,2025-11-21T02:06:47.584989+00:00,2025-11-21T02:06:47.584989+00:00
1504,Gianfrancesco Lazotti,Director,2025-11-21T02:06:47.584989+00:00,2025-11-21T02:06:47.584989+00:00
632,Damien Leake,Actor,2025-11-21T02:06:47.584989+00:00,2025-11-21T02:06:47.584989+00:00
341,Leandra Leal,Actor,2025-11-21T02:06:47.584989+00:00,2025-11-21T02:06:47.584989+00:00
916,Frank Leboeuf,Actor,2025-11-21T02:06:47.584989+00:00,2025-11-21T02:06:47.584989+00:00
942,John Lee,Director,2025-11-21T02:06:47.584989+00:00,2025-11-21T02:06:47.584989+00:00
145,Hudson Leick,Actor,2025-11-21T02:06:47.584989+00:00,2025-11-21T02:06:47.584989+00:00
1012,Steve Lemme,Actor,2025-11-21T02:06:47.584989+00:00,2025-11-21T02:06:47.584989+00:00
955,Geoffrey Lewis,Actor,2025-11-21T02:06:47.584989+00:00,2025-11-21T02:06:47.584989+00:00
962,Lightfield Lewis,Actor,2025-11-21T02:06:47.584989+00:00,2025-11-21T02:06:47.584989+00:00
1176,Greg Lindsay,"Actor, Director",2025-11-21T02:06:47.584989+00:00,2025-11-21T02:06:47.584989+00:00
978,David Beaulieu,Actor,2025-11-21T02:06:47.584989+00:00,2025-11-21T02:06:47.584989+00:00
334,Qiong Liu,Director,2025-11-21T02:06:47.584989+00:00,2025-11-21T02:06:47.584989+00:00
1500,Barbara Livi,Actor,2025-11-21T02:06:47.584989+00:00,2025-11-21T02:06:47.584989+00:00
508,Ron Livingston,Actor,2025-11-21T02:06:47.584989+00:00,2025-11-21T02:06:47.584989+00:00
186,Liesl Lombardo,Actor,2025-11-21T02:06:47.584989+00:00,2025-11-21T02:06:47.584989+00:00
1191,June Carryl,Actor,2025-11-21T02:06:47.584989+00:00,2025-11-21T02:06:47.584989+00:00
1193,Robert Longstreet,Actor,2025-11-21T02:06:47.584989+00:00,2025-11-21T02:06:47.584989+00:00
742,Sal Lopez,Actor,2025-11-21T02:06:47.584989+00:00,2025-11-21T02:06:47.584989+00:00
153,Aaron Lustig,Actor,2025-11-21T02:06:47.584989+00:00,2025-11-21T02:06:47.584989+00:00
166,Cheryl M. Lynn,Actor,2025-11-21T02:06:47.584989+00:00,2025-11-21T02:06:47.584989+00:00
880,Kelly Macdonald,Actor,2025-11-21T02:06:47.584989+00:00,2025-11-21T02:06:47.584989+00:00
286,Madhavi,Actor,2025-11-21T02:06:47.584989+00:00,2025-11-21T02:06:47.584989+00:00
1338,Barbara Magnolfi,Actor,2025-11-21T02:06:47.584989+00:00,2025-11-21T02:06:47.584989+00:00
37,Javier Maldonado,Actor,2025-11-21T02:06:47.584989+00:00,2025-11-21T02:06:47.584989+00:00
611,Himanshu Malik,Actor,2025-11-21T02:06:47.584989+00:00,2025-11-21T02:06:47.584989+00:00
696,Kevin Mambo,Actor,2025-11-21T02:06:47.584989+00:00,2025-11-21T02:06:47.584989+00:00
177,Gregory J. Markopoulos,Director,2025-11-21T02:06:47.584989+00:00,2025-11-21T02:06:47.584989+00:00
721,Margo Martindale,Actor,2025-11-21T02:06:47.584989+00:00,2025-11-21T02:06:47.584989+00:00
1087,Adrian Martinez,Actor,2025-11-21T02:06:47.584989+00:00,2025-11-21T02:06:47.584989+00:00
1419,Oliver Masucci,Actor,2025-11-21T02:06:47.584989+00:00,2025-11-21T02:06:47.584989+00:00
1248,André Mattos,Actor,2025-11-21T02:06:47.584989+00:00,2025-11-21T02:06:47.584989+00:00
56,Mara Mattuschka,"Actor, Director",2025-11-21T02:06:47.584989+00:00,2025-11-21T02:06:47.584989+00:00
940,John H. Mayer,Actor,2025-11-21T02:06:47.584989+00:00,2025-11-21T02:06:47.584989+00:00
31,Mercedes McCambridge,Actor,2025-11-21T02:06:47.584989+00:00,2025-11-21T02:06:47.584989+00:00
1057,Steve McClure,Director,2025-11-21T02:06:47.584989+00:00,2025-11-21T02:06:47.584989+00:00
355,Matthew McGrory,Actor,2025-11-21T02:06:47.584989+00:00,2025-11-21T02:06:47.584989+00:00
1483,Rose McIver,Actor,2025-11-21T02:06:47.584989+00:00,2025-11-21T02:06:47.584989+00:00
689,Kevin McKidd,Actor,2025-11-21T02:06:47.584989+00:00,2025-11-21T02:06:47.584989+00:00
1002,Ian McShane,Actor,2025-11-21T02:06:47.584989+00:00,2025-11-21T02:06:47.584989+00:00
98,Carlos Meceni,Actor,2025-11-21T02:06:47.584989+00:00,2025-11-21T02:06:47.584989+00:00
53,Edward Meeks,Actor,2025-11-21T02:06:47.584989+00:00,2025-11-21T02:06:47.584989+00:00
90,Danton Mello,Actor,2025-11-21T02:06:47.584989+00:00,2025-11-21T02:06:47.584989+00:00
572,Johnny Melville,Actor,2025-11-21T02:06:47.584989+00:00,2025-11-21T02:06:47.584989+00:00
187,Robert Miano,Actor,2025-11-21T02:06:47.584989+00:00,2025-11-21T02:06:47.584989+00:00
1247,Seth Michaels,Actor,2025-11-21T02:06:47.584989+00:00,2025-11-21T02:06:47.584989+00:00
536,Radu Mihaileanu,Director,2025-11-21T02:06:47.584989+00:00,2025-11-21T02:06:47.584989+00:00
32,Cameron Mitchell,Actor,2025-11-21T02:06:47.584989+00:00,2025-11-21T02:06:47.584989+00:00
194,Katsuma Miyagi,Actor,2025-11-21T02:06:47.584989+00:00,2025-11-21T02:06:47.584989+00:00
214,José Mojica Marins,Director,2025-11-21T02:06:47.584989+00:00,2025-11-21T02:06:47.584989+00:00
1196,Jason Momoa,Actor,2025-11-21T02:06:47.584989+00:00,2025-11-21T02:06:47.584989+00:00
677,Steve Monroe,Actor,2025-11-21T02:06:47.584989+00:00,2025-11-21T02:06:47.584989+00:00
653,Dino Morea,Actor,2025-11-21T02:06:47.584989+00:00,2025-11-21T02:06:47.584989+00:00
714,Bonnie Morgan,Actor,2025-11-21T02:06:47.584989+00:00,2025-11-21T02:06:47.584989+00:00
1187,Jennifer Morrison,Actor,2025-11-21T02:06:47.584989+00:00,2025-11-21T02:06:47.584989+00:00
704,Cynthia Mort,Director,2025-11-21T02:06:47.584989+00:00,2025-11-21T02:06:47.584989+00:00
251,Chris Mulkey,Actor,2025-11-21T02:06:47.584989+00:00,2025-11-21T02:06:47.584989+00:00
514,Andy Muschietti,Director,2025-11-21T02:06:47.584989+00:00,2025-11-21T02:06:47.584989+00:00
252,Anne Bedian,Actor,2025-11-21T02:06:47.584989+00:00,2025-11-21T02:06:47.584989+00:00
287,Nassar,Actor,2025-11-21T02:06:47.584989+00:00,2025-11-21T02:06:47.584989+00:00
141,Danny Naten,Actor,2025-11-21T02:06:47.584989+00:00,2025-11-21T02:06:47.584989+00:00
185,Jesus Nebot,Actor,2025-11-21T02:06:47.584989+00:00,2025-11-21T02:06:47.584989+00:00
110,Johannah Newmarch,Actor,2025-11-21T02:06:47.584989+00:00,2025-11-21T02:06:47.584989+00:00
1109,Michael Nicolosi,Actor,2025-11-21T02:06:47.584989+00:00,2025-11-21T02:06:47.584989+00:00
595,Cynthia Nixon,Actor,2025-11-21T02:06:47.584989+00:00,2025-11-21T02:06:47.584989+00:00
118,Robin Nuyen,"Actor, Director",2025-11-21T02:06:47.584989+00:00,2025-11-21T02:06:47.584989+00:00
174,Mike Nyman,Actor,2025-11-21T02:06:47.584989+00:00,2025-11-21T02:06:47.584989+00:00
30,Edmond O'Brien,Actor,2025-11-21T02:06:47.584989+00:00,2025-11-21T02:06:47.584989+00:00
79,Geraldine O'Rawe,Actor,2025-11-21T02:06:47.584989+00:00,2025-11-21T02:06:47.584989+00:00
1310,Olga Odanovic,Actor,2025-11-21T02:06:47.584989+00:00,2025-11-21T02:06:47.584989+00:00
667,Issei Ogata,Actor,2025-11-21T02:06:47.584989+00:00,2025-11-21T02:06:47.584989+00:00
669,Yoshi Oida,Actor,2025-11-21T02:06:47.584989+00:00,2025-11-21T02:06:47.584989+00:00
345,Marcos Oliveira,Actor,2025-11-21T02:06:47.584989+00:00,2025-11-21T02:06:47.584989+00:00
751,Dyana Ortelli,Actor,2025-11-21T02:06:47.584989+00:00,2025-11-21T02:06:47.584989+00:00
695,David Oyelowo,Actor,2025-11-21T02:06:47.584989+00:00,2025-11-21T02:06:47.584989+00:00
91,Juliana Paes,Actor,2025-11-21T02:06:47.584989+00:00,2025-11-21T02:06:47.584989+00:00
638,Richard Pagano,Director,2025-11-21T02:06:47.584989+00:00,2025-11-21T02:06:47.584989+00:00
240,Francesco Pahlevan,Actor,2025-11-21T02:06:47.584989+00:00,2025-11-21T02:06:47.584989+00:00
459,Josh Pais,Actor,2025-11-21T02:06:47.584989+00:00,2025-11-21T02:06:47.584989+00:00
29,Lilli Palmer,Actor,2025-11-21T02:06:47.584989+00:00,2025-11-21T02:06:47.584989+00:00
446,Molly Parker,Actor,2025-11-21T02:06:47.584989+00:00,2025-11-21T02:06:47.584989+00:00
489,Charles Parnell,Actor,2025-11-21T02:06:47.584989+00:00,2025-11-21T02:06:47.584989+00:00
5,Albert Patry,Actor,2025-11-21T02:06:47.584989+00:00,2025-11-21T02:06:47.584989+00:00
176,Stuart Paul,Director,2025-11-21T02:06:47.584989+00:00,2025-11-21T02:06:47.584989+00:00
1372,David Pearse,Actor,2025-11-21T02:06:47.584989+00:00,2025-11-21T02:06:47.584989+00:00
888,Aaron Pedersen,Actor,2025-11-21T02:06:47.584989+00:00,2025-11-21T02:06:47.584989+00:00
661,Michael Peña,Actor,2025-11-21T02:06:47.584989+00:00,2025-11-21T02:06:47.584989+00:00
573,Sharon Percy,Actor,2025-11-21T02:06:47.584989+00:00,2025-11-21T02:06:47.584989+00:00
316,J.J. Perry,Director,2025-11-21T02:06:47.584989+00:00,2025-11-21T02:06:47.584989+00:00
1505,Raphaël Personnaz,Actor,2025-11-21T02:06:47.584989+00:00,2025-11-21T02:06:47.584989+00:00
62,Mauricio Pesutic,Actor,2025-11-21T02:06:47.584989+00:00,2025-11-21T02:06:47.584989+00:00
542,Valarie Pettiford,Actor,2025-11-21T02:06:47.584989+00:00,2025-11-21T02:06:47.584989+00:00
1,Lupu Pick,"Actor, Director",2025-11-21T02:06:47.584989+00:00,2025-11-21T02:06:47.584989+00:00
86,Cara Pifko,Actor,2025-11-21T02:06:47.584989+00:00,2025-11-21T02:06:47.584989+00:00
119,Mark Pitta,Actor,2025-11-21T02:06:47.584989+00:00,2025-11-21T02:06:47.584989+00:00
1035,Jesse Plemons,Actor,2025-11-21T02:06:47.584989+00:00,2025-11-21T02:06:47.584989+00:00
60,Roberto Poblete,Actor,2025-11-21T02:06:47.584989+00:00,2025-11-21T02:06:47.584989+00:00
344,Zezé Polessa,Actor,2025-11-21T02:06:47.584989+00:00,2025-11-21T02:06:47.584989+00:00
575,Guy Porritt,Actor,2025-11-21T02:06:47.584989+00:00,2025-11-21T02:06:47.584989+00:00
935,Linda Porter,Actor,2025-11-21T02:06:47.584989+00:00,2025-11-21T02:06:47.584989+00:00
2,Edith Posca,Actor,2025-11-21T02:06:47.584989+00:00,2025-11-21T02:06:47.584989+00:00
238,Michael Possert Jr.,Director,2025-11-21T02:06:47.584989+00:00,2025-11-21T02:06:47.584989+00:00
1526,Stephania Potalivo,Actor,2025-11-21T02:06:47.584989+00:00,2025-11-21T02:06:47.584989+00:00
426,Chris Pratt,Actor,2025-11-21T02:06:47.584989+00:00,2025-11-21T02:06:47.584989+00:00
1367,Kinga Preis,Actor,2025-11-21T02:06:47.584989+00:00,2025-11-21T02:06:47.584989+00:00
425,Pavlina Proevska,Director,2025-11-21T02:06:47.584989+00:00,2025-11-21T02:06:47.584989+00:00
894,Jenni Pulos,Actor,2025-11-21T02:06:47.584989+00:00,2025-11-21T02:06:47.584989+00:00
476,James Purefoy,Actor,2025-11-21T02:06:47.584989+00:00,2025-11-21T02:06:47.584989+00:00
1213,Maggie Q,Actor,2025-11-21T02:06:47.584989+00:00,2025-11-21T02:06:47.584989+00:00
52,Deborah Raffin,Actor,2025-11-21T02:06:47.584989+00:00,2025-11-21T02:06:47.584989+00:00
379,S. Ramanathan,Director,2025-11-21T02:06:47.584989+00:00,2025-11-21T02:06:47.584989+00:00
1024,Adlin Aman Ramlie,Actor,2025-11-21T02:06:47.584989+00:00,2025-11-21T02:06:47.584989+00:00
617,Jyoti Rana,Actor,2025-11-21T02:06:47.584989+00:00,2025-11-21T02:06:47.584989+00:00
28,Robert Random,Actor,2025-11-21T02:06:47.584989+00:00,2025-11-21T02:06:47.584989+00:00
282,Aubrey K. Rattan,Director,2025-11-21T02:06:47.584989+00:00,2025-11-21T02:06:47.584989+00:00
662,Peyton Reed,Director,2025-11-21T02:06:47.584989+00:00,2025-11-21T02:06:47.584989+00:00
1533,Asger Reher,Actor,2025-11-21T02:06:47.584989+00:00,2025-11-21T02:06:47.584989+00:00
439,Niels Reiermann,Director,2025-11-21T02:06:47.584989+00:00,2025-11-21T02:06:47.584989+00:00
531,Mark Rendall,Actor,2025-11-21T02:06:47.584989+00:00,2025-11-21T02:06:47.584989+00:00
58,Francisco Reyes,Actor,2025-11-21T02:06:47.584989+00:00,2025-11-21T02:06:47.584989+00:00
776,Anthony Reynolds,Actor,2025-11-21T02:06:47.584989+00:00,2025-11-21T02:06:47.584989+00:00
49,John Rhys-Davies,Actor,2025-11-21T02:06:47.584989+00:00,2025-11-21T02:06:47.584989+00:00
1006,Robert Ri'chard,Actor,2025-11-21T02:06:47.584989+00:00,2025-11-21T02:06:47.584989+00:00
95,Marco Ricca,Actor,2025-11-21T02:06:47.584989+00:00,2025-11-21T02:06:47.584989+00:00
443,Peter Riegert,Actor,2025-11-21T02:06:47.584989+00:00,2025-11-21T02:06:47.584989+00:00
941,Richard Riehle,Actor,2025-11-21T02:06:47.584989+00:00,2025-11-21T02:06:47.584989+00:00
3,Johannes Riemann,Actor,2025-11-21T02:06:47.584989+00:00,2025-11-21T02:06:47.584989+00:00
57,Patricia Rivadeneira,Actor,2025-11-21T02:06:47.584989+00:00,2025-11-21T02:06:47.584989+00:00
744,Geoffrey Rivas,Actor,2025-11-21T02:06:47.584989+00:00,2025-11-21T02:06:47.584989+00:00
794,Linus Roache,Actor,2025-11-21T02:06:47.584989+00:00,2025-11-21T02:06:47.584989+00:00
546,Connie Roberson,Actor,2025-11-21T02:06:47.584989+00:00,2025-11-21T02:06:47.584989+00:00
798,Todd Robinson,Director,2025-11-21T02:06:47.584989+00:00,2025-11-21T02:06:47.584989+00:00
746,Lucy Rodriguez,Actor,2025-11-21T02:06:47.584989+00:00,2025-11-21T02:06:47.584989+00:00
14,Shenda Román,Actor,2025-11-21T02:06:47.584989+00:00,2025-11-21T02:06:47.584989+00:00
1003,Michael Rooker,Actor,2025-11-21T02:06:47.584989+00:00,2025-11-21T02:06:47.584989+00:00
560,Felissa Rose,Actor,2025-11-21T02:06:47.584989+00:00,2025-11-21T02:06:47.584989+00:00
1592,Yolonda Ross,Actor,2025-11-21T02:06:47.584989+00:00,2025-11-21T02:06:47.584989+00:00
1224,Theo Rossi,Actor,2025-11-21T02:06:47.584989+00:00,2025-11-21T02:06:47.584989+00:00
6,Eduard Rothauser,Actor,2025-11-21T02:06:47.584989+00:00,2025-11-21T02:06:47.584989+00:00
956,Richard Roundtree,Actor,2025-11-21T02:06:47.584989+00:00,2025-11-21T02:06:47.584989+00:00
234,Abbe Rowlins,Actor,2025-11-21T02:06:47.584989+00:00,2025-11-21T02:06:47.584989+00:00
655,Paul Rudd,Actor,2025-11-21T02:06:47.584989+00:00,2025-11-21T02:06:47.584989+00:00
21,Raúl Ruiz,Director,2025-11-21T02:06:47.584989+00:00,2025-11-21T02:06:47.584989+00:00
739,Lucy Russell,Actor,2025-11-21T02:06:47.584989+00:00,2025-11-21T02:06:47.584989+00:00
1152,Mike Saad,Actor,2025-11-21T02:06:47.584989+00:00,2025-11-21T02:06:47.584989+00:00
340,Letícia Sabatella,Actor,2025-11-21T02:06:47.584989+00:00,2025-11-21T02:06:47.584989+00:00
801,Luc Saint-Eloy,Actor,2025-11-21T02:06:47.584989+00:00,2025-11-21T02:06:47.584989+00:00
694,Zoe Saldaña,Actor,2025-11-21T02:06:47.584989+00:00,2025-11-21T02:06:47.584989+00:00
269,Hiroyuki Sanada,Actor,2025-11-21T02:06:47.584989+00:00,2025-11-21T02:06:47.584989+00:00
1240,Rodrigo Santoro,Actor,2025-11-21T02:06:47.584989+00:00,2025-11-21T02:06:47.584989+00:00
22,Valeria Sarmiento,Director,2025-11-21T02:06:47.584989+00:00,2025-11-21T02:06:47.584989+00:00
691,Joanna Scanlan,Actor,2025-11-21T02:06:47.584989+00:00,2025-11-21T02:06:47.584989+00:00
758,Tom Schanley,Actor,2025-11-21T02:06:47.584989+00:00,2025-11-21T02:06:47.584989+00:00
239,Thomas Scharff,Actor,2025-11-21T02:06:47.584989+00:00,2025-11-21T02:06:47.584989+00:00
874,Adrian Schiller,Actor,2025-11-21T02:06:47.584989+00:00,2025-11-21T02:06:47.584989+00:00
134,Allen Schneider,Actor,2025-11-21T02:06:47.584989+00:00,2025-11-21T02:06:47.584989+00:00
952,Frank Schorpion,Actor,2025-11-21T02:06:47.584989+00:00,2025-11-21T02:06:47.584989+00:00
1493,John Schultz,Director,2025-11-21T02:06:47.584989+00:00,2025-11-21T02:06:47.584989+00:00
4,Fritz Schulz,Actor,2025-11-21T02:06:47.584989+00:00,2025-11-21T02:06:47.584989+00:00
1225,Matthias Schweighöfer,Actor,2025-11-21T02:06:47.584989+00:00,2025-11-21T02:06:47.584989+00:00
736,Jacob Scipio,Actor,2025-11-21T02:06:47.584989+00:00,2025-11-21T02:06:47.584989+00:00
750,Pepe Serna,Actor,2025-11-21T02:06:47.584989+00:00,2025-11-21T02:06:47.584989+00:00
418,Terry Serpico,Actor,2025-11-21T02:06:47.584989+00:00,2025-11-21T02:06:47.584989+00:00
460,Pradeep Shakti,Director,2025-11-21T02:06:47.584989+00:00,2025-11-21T02:06:47.584989+00:00
391,Michael Shannon,Actor,2025-11-21T02:06:47.584989+00:00,2025-11-21T02:06:47.584989+00:00
609,Reece Shearsmith,Actor,2025-11-21T02:06:47.584989+00:00,2025-11-21T02:06:47.584989+00:00
408,Aashif Sheikh,Actor,2025-11-21T02:06:47.584989+00:00,2025-11-21T02:06:47.584989+00:00
561,Tiffany Shepis,Actor,2025-11-21T02:06:47.584989+00:00,2025-11-21T02:06:47.584989+00:00
613,Sayaji Shinde,Actor,2025-11-21T02:06:47.584989+00:00,2025-11-21T02:06:47.584989+00:00
892,Linda Shing,Actor,2025-11-21T02:06:47.584989+00:00,2025-11-21T02:06:47.584989+00:00
873,Tusse Silberg,Actor,2025-11-21T02:06:47.584989+00:00,2025-11-21T02:06:47.584989+00:00
449,Julia Silverman,Actor,2025-11-21T02:06:47.584989+00:00,2025-11-21T02:06:47.584989+00:00
866,Josette Simon,Actor,2025-11-21T02:06:47.584989+00:00,2025-11-21T02:06:47.584989+00:00
806,Malcolm Sinclair,Actor,2025-11-21T02:06:47.584989+00:00,2025-11-21T02:06:47.584989+00:00
637,Beth Skipp,Actor,2025-11-21T02:06:47.584989+00:00,2025-11-21T02:06:47.584989+00:00
357,Randy Sklar,Actor,2025-11-21T02:06:47.584989+00:00,2025-11-21T02:06:47.584989+00:00
120,Robert Small,Actor,2025-11-21T02:06:47.584989+00:00,2025-11-21T02:06:47.584989+00:00
1201,Zack Snyder,Director,2025-11-21T02:06:47.584989+00:00,2025-11-21T02:06:47.584989+00:00
1013,Paul Soter,Actor,2025-11-21T02:06:47.584989+00:00,2025-11-21T02:06:47.584989+00:00
11,Rubén Sotoconil,Actor,2025-11-21T02:06:47.584989+00:00,2025-11-21T02:06:47.584989+00:00
860,Octavia Spencer,Actor,2025-11-21T02:06:47.584989+00:00,2025-11-21T02:06:47.584989+00:00
525,Kriv Stenders,Director,2025-11-21T02:06:47.584989+00:00,2025-11-21T02:06:47.584989+00:00
1183,Beth Stolarczyk,Actor,2025-11-21T02:06:47.584989+00:00,2025-11-21T02:06:47.584989+00:00
1016,Erik Stolhanske,Actor,2025-11-21T02:06:47.584989+00:00,2025-11-21T02:06:47.584989+00:00
548,Mark Strong,Actor,2025-11-21T02:06:47.584989+00:00,2025-11-21T02:06:47.584989+00:00
817,Michael Stuhlbarg,Actor,2025-11-21T02:06:47.584989+00:00,2025-11-21T02:06:47.584989+00:00
789,Alison Sudol,Actor,2025-11-21T02:06:47.584989+00:00,2025-11-21T02:06:47.584989+00:00
235,Tully Summers,Actor,2025-11-21T02:06:47.584989+00:00,2025-11-21T02:06:47.584989+00:00
455,Ethan Suplee,Actor,2025-11-21T02:06:47.584989+00:00,2025-11-21T02:06:47.584989+00:00
165,Eric Swelstad,Director,2025-11-21T02:06:47.584989+00:00,2025-11-21T02:06:47.584989+00:00
643,Tilda Swinton,Actor,2025-11-21T02:06:47.584989+00:00,2025-11-21T02:06:47.584989+00:00
587,Saïd Taghmaoui,Actor,2025-11-21T02:06:47.584989+00:00,2025-11-21T02:06:47.584989+00:00
183,Tom Taglang,Actor,2025-11-21T02:06:47.584989+00:00,2025-11-21T02:06:47.584989+00:00
197,Go Takamine,Director,2025-11-21T02:06:47.584989+00:00,2025-11-21T02:06:47.584989+00:00
958,Charlie Talbert,Actor,2025-11-21T02:06:47.584989+00:00,2025-11-21T02:06:47.584989+00:00
568,Steve Taylor,Director,2025-11-21T02:06:47.584989+00:00,2025-11-21T02:06:47.584989+00:00
493,Sam Taylor-Johnson,Director,2025-11-21T02:06:47.584989+00:00,2025-11-21T02:06:47.584989+00:00
87,Leigh Taylor-Young,Actor,2025-11-21T02:06:47.584989+00:00,2025-11-21T02:06:47.584989+00:00
1110,Lew Temple,Actor,2025-11-21T02:06:47.584989+00:00,2025-11-21T02:06:47.584989+00:00
151,Greg Travis,Actor,2025-11-21T02:06:47.584989+00:00,2025-11-21T02:06:47.584989+00:00
848,Jeff Tremaine,Director,2025-11-21T02:06:47.584989+00:00,2025-11-21T02:06:47.584989+00:00
915,Tom Troupe,Actor,2025-11-21T02:06:47.584989+00:00,2025-11-21T02:06:47.584989+00:00
668,Shin'ya Tsukamoto,Actor,2025-11-21T02:06:47.584989+00:00,2025-11-21T02:06:47.584989+00:00
724,Alan Tudyk,Actor,2025-11-21T02:06:47.584989+00:00,2025-11-21T02:06:47.584989+00:00
578,Alwien Tulner,Actor,2025-11-21T02:06:47.584989+00:00,2025-11-21T02:06:47.584989+00:00
1233,Tamara Tunie,Actor,2025-11-21T02:06:47.584989+00:00,2025-11-21T02:06:47.584989+00:00
43,Jaime Vadell,Actor,2025-11-21T02:06:47.584989+00:00,2025-11-21T02:06:47.584989+00:00
752,José Luis Valenzuela,Director,2025-11-21T02:06:47.584989+00:00,2025-11-21T02:06:47.584989+00:00
1515,Michele Valley,Actor,2025-11-21T02:06:47.584989+00:00,2025-11-21T02:06:47.584989+00:00
720,Johnny Vegas,Actor,2025-11-21T02:06:47.584989+00:00,2025-11-21T02:06:47.584989+00:00
17,Alonso Venegas,Actor,2025-11-21T02:06:47.584989+00:00,2025-11-21T02:06:47.584989+00:00
509,Maribel Verdú,Actor,2025-11-21T02:06:47.584989+00:00,2025-11-21T02:06:47.584989+00:00
749,Rene Victor,Actor,2025-11-21T02:06:47.584989+00:00,2025-11-21T02:06:47.584989+00:00
1049,Dorel Visan,Actor,2025-11-21T02:06:47.584989+00:00,2025-11-21T02:06:47.584989+00:00
1220,Jeff Wadlow,Director,2025-11-21T02:06:47.584989+00:00,2025-11-21T02:06:47.584989+00:00
249,Christine Wagner,Director,2025-11-21T02:06:47.584989+00:00,2025-11-21T02:06:47.584989+00:00
1026,Kin Wah Chew,Actor,2025-11-21T02:06:47.584989+00:00,2025-11-21T02:06:47.584989+00:00
539,Robert Walden,Actor,2025-11-21T02:06:47.584989+00:00,2025-11-21T02:06:47.584989+00:00
495,Christoph Waltz,Actor,2025-11-21T02:06:47.584989+00:00,2025-11-21T02:06:47.584989+00:00
168,Burt Ward,Actor,2025-11-21T02:06:47.584989+00:00,2025-11-21T02:06:47.584989+00:00
761,Amanda Noret,Actor,2025-11-21T02:06:47.584989+00:00,2025-11-21T02:06:47.584989+00:00
140,Martin Charles Warner,Actor,2025-11-21T02:06:47.584989+00:00,2025-11-21T02:06:47.584989+00:00
236,Alex Watts,Actor,2025-11-21T02:06:47.584989+00:00,2025-11-21T02:06:47.584989+00:00
1017,Damon Wayans Jr.,Actor,2025-11-21T02:06:47.584989+00:00,2025-11-21T02:06:47.584989+00:00
885,David Wenham,Actor,2025-11-21T02:06:47.584989+00:00,2025-11-21T02:06:47.584989+00:00
872,Ben Whishaw,Actor,2025-11-21T02:06:47.584989+00:00,2025-11-21T02:06:47.584989+00:00
792,Bradley Whitford,Actor,2025-11-21T02:06:47.584989+00:00,2025-11-21T02:06:47.584989+00:00
706,Isiah Whitlock Jr.,Actor,2025-11-21T02:06:47.584989+00:00,2025-11-21T02:06:47.584989+00:00
957,Branden Williams,Actor,2025-11-21T02:06:47.584989+00:00,2025-11-21T02:06:47.584989+00:00
51,Dick Anthony Williams,Actor,2025-11-21T02:06:47.584989+00:00,2025-11-21T02:06:47.584989+00:00
135,Eugene Williams,Actor,2025-11-21T02:06:47.584989+00:00,2025-11-21T02:06:47.584989+00:00
778,Tod Williams,Director,2025-11-21T02:06:47.584989+00:00,2025-11-21T02:06:47.584989+00:00
765,Sabra Williams,Actor,2025-11-21T02:06:47.584989+00:00,2025-11-21T02:06:47.584989+00:00
1005,Reno Wilson,Actor,2025-11-21T02:06:47.584989+00:00,2025-11-21T02:06:47.584989+00:00
1232,Robert Wisdom,Actor,2025-11-21T02:06:47.584989+00:00,2025-11-21T02:06:47.584989+00:00
961,Michael Wiseman,Actor,2025-11-21T02:06:47.584989+00:00,2025-11-21T02:06:47.584989+00:00
856,Daniel Wu,Actor,2025-11-21T02:06:47.584989+00:00,2025-11-21T02:06:47.584989+00:00
1134,David Yates,Director,2025-11-21T02:06:47.584989+00:00,2025-11-21T02:06:47.584989+00:00
193,Young Yoon,Director,2025-11-21T02:06:47.584989+00:00,2025-11-21T02:06:47.584989+00:00
1161,William Zabka,Actor,2025-11-21T02:06:47.584989+00:00,2025-11-21T02:06:47.584989+00:00
1093,Marc Zammit,Actor,2025-11-21T02:06:47.584989+00:00,2025-11-21T02:06:47.584989+00:00
760,Genevieve Zweig,Actor,2025-11-21T02:06:47.584989+00:00,2025-11-21T02:06:47.584989+00:00
196,Misako Ôshiro,Actor,2025-11-21T02:06:47.584989+00:00,2025-11-21T02:06:47.584989+00:00
1582,Lyle Blackburn,Actor,2025-11-21T02:06:47.584989+00:00,2025-11-21T02:06:47.584989+00:00
496,Mahershala Ali,Actor,2025-11-21T02:06:47.584989+00:00,2025-11-21T02:06:47.584989+00:00
1519,Maria Aliferi,Actor,2025-11-21T02:06:47.584989+00:00,2025-11-21T02:06:47.584989+00:00
254,Corey Besner,Actor,2025-11-21T02:06:47.584989+00:00,2025-11-21T02:06:47.584989+00:00
650,Aashish Chaudhary,Actor,2025-11-21T02:06:47.584989+00:00,2025-11-21T02:06:47.584989+00:00
257,Kianha Daniels,Actor,2025-11-21T02:06:47.584989+00:00,2025-11-21T02:06:47.584989+00:00
259,Marie Eve Blackburn,Actor,2025-11-21T02:06:47.584989+00:00,2025-11-21T02:06:47.584989+00:00
161,Lee Page,Actor,2025-11-21T02:06:47.584989+00:00,2025-11-21T02:06:47.584989+00:00
162,Mary Alice Demas,Actor,2025-11-21T02:06:47.584989+00:00,2025-11-21T02:06:47.584989+00:00
163,Ray Beach,Actor,2025-11-21T02:06:47.584989+00:00,2025-11-21T02:06:47.584989+00:00
164,Elmo Smalley,Actor,2025-11-21T02:06:47.584989+00:00,2025-11-21T02:06:47.584989+00:00
158,Sharon Klopfenstein,Actor,2025-11-21T02:06:47.584989+00:00,2025-11-21T02:06:47.584989+00:00
914,Gladys Rose,Actor,2025-11-21T02:06:47.584989+00:00,2025-11-21T02:06:47.584989+00:00
671,Kaoru Endo,Actor,2025-11-21T02:06:47.584989+00:00,2025-11-21T02:06:47.584989+00:00
467,Nicholas Braun,Actor,2025-11-21T02:06:47.584989+00:00,2025-11-21T02:06:47.584989+00:00
851,Dominic Cooper,Actor,2025-11-21T02:06:47.584989+00:00,2025-11-21T02:06:47.584989+00:00
786,Mike Harlow,Actor,2025-11-21T02:06:47.584989+00:00,2025-11-21T02:06:47.584989+00:00
1625,Angelica Adams,Actor,2025-11-21T02:06:47.584989+00:00,2025-11-21T02:06:47.584989+00:00
1416,Rec Revan,Director,2025-11-21T02:06:47.584989+00:00,2025-11-21T02:06:47.584989+00:00
950,Alyssa Brooke Levine,Actor,2025-11-21T02:06:47.584989+00:00,2025-11-21T02:06:47.584989+00:00
1451,Rezan Denizmen,Actor,2025-11-21T02:06:47.584989+00:00,2025-11-21T02:06:47.584989+00:00
705,Dax Shepard,"Actor, Director",2025-11-21T02:06:47.584989+00:00,2025-11-21T02:06:47.584989+00:00
635,Molly Brink,Actor,2025-11-21T02:06:47.584989+00:00,2025-11-21T02:06:47.584989+00:00
1030,Dain Said,Director,2025-11-21T02:06:47.584989+00:00,2025-11-21T02:06:47.584989+00:00
657,Corey Stoll,Actor,2025-11-21T02:06:47.584989+00:00,2025-11-21T02:06:47.584989+00:00
1550,Bülent Gençdemir,Director,2025-11-21T02:06:47.584989+00:00,2025-11-21T02:06:47.584989+00:00
1337,Rick Johnston,Actor,2025-11-21T02:06:47.584989+00:00,2025-11-21T02:06:47.584989+00:00
398,Ramin Bahrani,Director,2025-11-21T02:06:47.584989+00:00,2025-11-21T02:06:47.584989+00:00
711,Alex Roe,Actor,2025-11-21T02:06:47.584989+00:00,2025-11-21T02:06:47.584989+00:00
296,Farhan Akhtar,Actor,2025-11-21T02:06:47.584989+00:00,2025-11-21T02:06:47.584989+00:00
884,Kohen Mills,Actor,2025-11-21T02:06:47.584989+00:00,2025-11-21T02:06:47.584989+00:00
883,Jacob Clayton,Actor,2025-11-21T02:06:47.584989+00:00,2025-11-21T02:06:47.584989+00:00
256,Eddy Cola,Actor,2025-11-21T02:06:47.584989+00:00,2025-11-21T02:06:47.584989+00:00
172,Bill Collard,Actor,2025-11-21T02:06:47.584989+00:00,2025-11-21T02:06:47.584989+00:00
1400,Neil Charlesworth,Actor,2025-11-21T02:06:47.584989+00:00,2025-11-21T02:06:47.584989+00:00
1276,Madhuri Braganza,Actor,2025-11-21T02:06:47.584989+00:00,2025-11-21T02:06:47.584989+00:00
1219,Mike Vogel,Actor,2025-11-21T02:06:47.584989+00:00,2025-11-21T02:06:47.584989+00:00
1434,Tabitha McCleod,Director,2025-11-21T02:06:47.584989+00:00,2025-11-21T02:06:47.584989+00:00
1527,Lars Ranthe,Actor,2025-11-21T02:06:47.584989+00:00,2025-11-21T02:06:47.584989+00:00
1022,Namron,Actor,2025-11-21T02:06:47.584989+00:00,2025-11-21T02:06:47.584989+00:00
1309,Anja Djordjevic,Actor,2025-11-21T02:06:47.584989+00:00,2025-11-21T02:06:47.584989+00:00
1291,Neil Leyton,Actor,2025-11-21T02:06:47.584989+00:00,2025-11-21T02:06:47.584989+00:00
1290,João Morais,Actor,2025-11-21T02:06:47.584989+00:00,2025-11-21T02:06:47.584989+00:00
1293,Vasco Ribeiro Casais,Actor,2025-11-21T02:06:47.584989+00:00,2025-11-21T02:06:47.584989+00:00
1292,Mikael Lundin,Actor,2025-11-21T02:06:47.584989+00:00,2025-11-21T02:06:47.584989+00:00
1320,Dinesh Lingden,Director,2025-11-21T02:06:47.584989+00:00,2025-11-21T02:06:47.584989+00:00
1325,Mahadev Tripathi,"Actor, Director",2025-11-21T02:06:47.584989+00:00,2025-11-21T02:06:47.584989+00:00
1332,Patrick Bracken,Actor,2025-11-21T02:06:47.584989+00:00,2025-11-21T02:06:47.584989+00:00
1340,Vincent Hemmeter,Actor,2025-11-21T02:06:47.584989+00:00,2025-11-21T02:06:47.584989+00:00
1351,Bijoy Banerjee,Director,2025-11-21T02:06:47.584989+00:00,2025-11-21T02:06:47.584989+00:00
1350,Shabir Sheikh,Actor,2025-11-21T02:06:47.584989+00:00,2025-11-21T02:06:47.584989+00:00
1365,Rifat Audeh,Director,2025-11-21T02:06:47.584989+00:00,2025-11-21T02:06:47.584989+00:00
1366,Zofia Stafiej,Actor,2025-11-21T02:06:47.584989+00:00,2025-11-21T02:06:47.584989+00:00
1393,Joshua L. Eady,Actor,2025-11-21T02:06:47.584989+00:00,2025-11-21T02:06:47.584989+00:00
1394,Tyrone Tisdale,Actor,2025-11-21T02:06:47.584989+00:00,2025-11-21T02:06:47.584989+00:00
1406,Aysel Yusubova,Actor,2025-11-21T02:06:47.584989+00:00,2025-11-21T02:06:47.584989+00:00
1407,Perviz Ismayilov,Actor,2025-11-21T02:06:47.584989+00:00,2025-11-21T02:06:47.584989+00:00
1417,Remedios Malvárez,Director,2025-11-21T02:06:47.584989+00:00,2025-11-21T02:06:47.584989+00:00
1421,Dashrath Bhagwati,Actor,2025-11-21T02:06:47.584989+00:00,2025-11-21T02:06:47.584989+00:00
1462,Nand Lal Sharma,Actor,2025-11-21T02:06:47.584989+00:00,2025-11-21T02:06:47.584989+00:00
1459,Muskaan Ojha,Actor,2025-11-21T02:06:47.584989+00:00,2025-11-21T02:06:47.584989+00:00
1458,Mradul Ojha,Actor,2025-11-21T02:06:47.584989+00:00,2025-11-21T02:06:47.584989+00:00
1463,Rishi Raj Sharma,Actor,2025-11-21T02:06:47.584989+00:00,2025-11-21T02:06:47.584989+00:00
1457,Zaidaan Khan,Actor,2025-11-21T02:06:47.584989+00:00,2025-11-21T02:06:47.584989+00:00
1461,Bobby Rajput,Actor,2025-11-21T02:06:47.584989+00:00,2025-11-21T02:06:47.584989+00:00
1460,Neelam Ojha,Actor,2025-11-21T02:06:47.584989+00:00,2025-11-21T02:06:47.584989+00:00
1464,Shreya Singh,Actor,2025-11-21T02:06:47.584989+00:00,2025-11-21T02:06:47.584989+00:00
1482,Sudip Chakraborty,Director,2025-11-21T02:06:47.584989+00:00,2025-11-21T02:06:47.584989+00:00
1480,Saikat Mitra,Actor,2025-11-21T02:06:47.584989+00:00,2025-11-21T02:06:47.584989+00:00
1549,Aljoyus Eccles,Director,2025-11-21T02:06:47.584989+00:00,2025-11-21T02:06:47.584989+00:00
1546,Alvin Eccles,Actor,2025-11-21T02:06:47.584989+00:00,2025-11-21T02:06:47.584989+00:00
1543,Nasha Shandri,Actor,2025-11-21T02:06:47.584989+00:00,2025-11-21T02:06:47.584989+00:00
1545,Dujon Eccles,Actor,2025-11-21T02:06:47.584989+00:00,2025-11-21T02:06:47.584989+00:00
1561,Andrey Valdberg,Director,2025-11-21T02:06:47.584989+00:00,2025-11-21T02:06:47.584989+00:00
1569,Sevda Usta,Actor,2025-11-21T02:06:47.584989+00:00,2025-11-21T02:06:47.584989+00:00
1581,Razul Alam,Director,2025-11-21T02:06:47.584989+00:00,2025-11-21T02:06:47.584989+00:00
1584,Anna Nogué,Actor,2025-11-21T02:06:47.584989+00:00,2025-11-21T02:06:47.584989+00:00
1588,Julià Márquez,Actor,2025-11-21T02:06:47.584989+00:00,2025-11-21T02:06:47.584989+00:00
1587,Roser Alentà,Actor,2025-11-21T02:06:47.584989+00:00,2025-11-21T02:06:47.584989+00:00
1613,Laurence Mathieu-Leger,Director,2025-11-21T02:06:47.584989+00:00,2025-11-21T02:06:47.584989+00:00
1621,Chunxiao Li,Director,2025-11-21T02:06:47.584989+00:00,2025-11-21T02:06:47.584989+00:00
1628,Grace Chan,Actor,2025-11-21T02:06:47.584989+00:00,2025-11-21T02:06:47.584989+00:00
1631,Virginia Locke,Actor,2025-11-21T02:06:47.584989+00:00,2025-11-21T02:06:47.584989+00:00
1626,Eleanor Brandle-Frank,Actor,2025-11-21T02:06:47.584989+00:00,2025-11-21T02:06:47.584989+00:00
1627,Peppa Brandle-Frank,Actor,2025-11-21T02:06:47.584989+00:00,2025-11-21T02:06:47.584989+00:00
1629,Jerry Colpitts,Actor,2025-11-21T02:06:47.584989+00:00,2025-11-21T02:06:47.584989+00:00
1634,Daniel Gonçalves,Director,2025-11-21T02:06:47.584989+00:00,2025-11-21T02:06:47.584989+00:00
1436,Kelly Kidd,Actor,2025-11-21T02:06:47.584989+00:00,2025-11-21T02:06:47.584989+00:00
1425,Jennifer Adams,Actor,2025-11-21T02:06:47.584989+00:00,2025-11-21T02:06:47.584989+00:00
1440,Jim Hollmann,Actor,2025-11-21T02:06:47.584989+00:00,2025-11-21T02:06:47.584989+00:00
1586,Toby Burnett,Director,2025-11-21T02:06:47.584989+00:00,2025-11-21T02:06:47.584989+00:00
1155,Matthew Prater,Actor,2025-11-21T02:06:47.584989+00:00,2025-11-21T02:06:47.584989+00:00
1502,Lucrezia Paulis,Actor,2025-11-21T02:06:47.584989+00:00,2025-11-21T02:06:47.584989+00:00
1503,Francesco Pizzuti,Actor,2025-11-21T02:06:47.584989+00:00,2025-11-21T02:06:47.584989+00:00
533,Julian Bailey,Actor,2025-11-21T02:06:47.584989+00:00,2025-11-21T02:06:47.584989+00:00
1301,Macon McGinnis,Actor,2025-11-21T02:06:47.584989+00:00,2025-11-21T02:06:47.584989+00:00
1593,Keira Bennett,Actor,2025-11-21T02:06:47.584989+00:00,2025-11-21T02:06:47.584989+00:00
1472,Estefania Martt,Actor,2025-11-21T02:06:47.584989+00:00,2025-11-21T02:06:47.584989+00:00
1467,Estefania Loaiza,Actor,2025-11-21T02:06:47.584989+00:00,2025-11-21T02:06:47.584989+00:00
1475,Irvin Quimbar,Actor,2025-11-21T02:06:47.584989+00:00,2025-11-21T02:06:47.584989+00:00
1165,Phil Donlon,Director,2025-11-21T02:06:47.584989+00:00,2025-11-21T02:06:47.584989+00:00
1441,Tim Potts,Actor,2025-11-21T02:06:47.584989+00:00,2025-11-21T02:06:47.584989+00:00
865,Joseph Zinyemba,Actor,2025-11-21T02:06:47.584989+00:00,2025-11-21T02:06:47.584989+00:00
1591,Amber Havard,Actor,2025-11-21T02:06:47.584989+00:00,2025-11-21T02:06:47.584989+00:00
837,MJ Bassett,Director,2025-11-21T02:06:47.584989+00:00,2025-11-21T02:06:47.584989+00:00
1329,Gabriela Nakova,Actor,2025-11-21T02:06:47.584989+00:00,2025-11-21T02:06:47.584989+00:00
1328,Debora Zhecheva,Actor,2025-11-21T02:06:47.584989+00:00,2025-11-21T02:06:47.584989+00:00
652,Dia Mirza,Actor,2025-11-21T02:06:47.584989+00:00,2025-11-21T02:06:47.584989+00:00
1473,Miroslava Novelo,Actor,2025-11-21T02:06:47.584989+00:00,2025-11-21T02:06:47.584989+00:00
472,Morena Baccarin,Actor,2025-11-21T02:06:47.584989+00:00,2025-11-21T02:06:47.584989+00:00
1430,Amelia Salazar,Actor,2025-11-21T02:06:47.584989+00:00,2025-11-21T02:06:47.584989+00:00
1180,Rich Fulcher,Actor,2025-11-21T02:06:47.584989+00:00,2025-11-21T02:06:47.584989+00:00
1410,Mubariz Samadov,Actor,2025-11-21T02:06:47.584989+00:00,2025-11-21T02:06:47.584989+00:00
1408,Rahim Gojayev,Actor,2025-11-21T02:06:47.584989+00:00,2025-11-21T02:06:47.584989+00:00
1409,Lala Mammad,Actor,2025-11-21T02:06:47.584989+00:00,2025-11-21T02:06:47.584989+00:00
901,Steve Becker,Director,2025-11-21T02:06:47.584989+00:00,2025-11-21T02:06:47.584989+00:00
1548,David Sanders,Actor,2025-11-21T02:06:47.584989+00:00,2025-11-21T02:06:47.584989+00:00
1542,Tylique Webster,Actor,2025-11-21T02:06:47.584989+00:00,2025-11-21T02:06:47.584989+00:00
1547,Aleyce Eccles,Actor,2025-11-21T02:06:47.584989+00:00,2025-11-21T02:06:47.584989+00:00
1544,Brittany Earls,Actor,2025-11-21T02:06:47.584989+00:00,2025-11-21T02:06:47.584989+00:00
1541,Rita Johnson,Actor,2025-11-21T02:06:47.584989+00:00,2025-11-21T02:06:47.584989+00:00
434,Omar Sy,Actor,2025-11-21T02:06:47.584989+00:00,2025-11-21T02:06:47.584989+00:00
725,Maitreyi Ramakrishnan,Actor,2025-11-21T02:06:47.584989+00:00,2025-11-21T02:06:47.584989+00:00
1594,Keeli Wheeler,Actor,2025-11-21T02:06:47.584989+00:00,2025-11-21T02:06:47.584989+00:00
237,Bernard Sandalow,Actor,2025-11-21T02:06:47.584989+00:00,2025-11-21T02:06:47.584989+00:00
1318,Bhupindder Bhoopii,Actor,2025-11-21T02:06:47.584989+00:00,2025-11-21T02:06:47.584989+00:00
1272,Ambadi,Actor,2025-11-21T02:06:47.584989+00:00,2025-11-21T02:06:47.584989+00:00
726,Ryan Anderson Lopez,Actor,2025-11-21T02:06:47.584989+00:00,2025-11-21T02:06:47.584989+00:00
602,Tom Hiddleston,Actor,2025-11-21T02:06:47.584989+00:00,2025-11-21T02:06:47.584989+00:00
654,Yogendra Singh,Director,2025-11-21T02:06:47.584989+00:00,2025-11-21T02:06:47.584989+00:00
973,Kent Harper,Actor,2025-11-21T02:06:47.584989+00:00,2025-11-21T02:06:47.584989+00:00
603,Sienna Miller,Actor,2025-11-21T02:06:47.584989+00:00,2025-11-21T02:06:47.584989+00:00
1274,Anil Bhaskar,Actor,2025-11-21T02:06:47.584989+00:00,2025-11-21T02:06:47.584989+00:00
1271,Aleena Allu,Actor,2025-11-21T02:06:47.584989+00:00,2025-11-21T02:06:47.584989+00:00
1270,Ali,Actor,2025-11-21T02:06:47.584989+00:00,2025-11-21T02:06:47.584989+00:00
1428,Tyler Gee,Actor,2025-11-21T02:06:47.584989+00:00,2025-11-21T02:06:47.584989+00:00
483,Aaron Taylor-Johnson,Actor,2025-11-21T02:06:47.584989+00:00,2025-11-21T02:06:47.584989+00:00
1357,Johanna Adde-Dahl,Actor,2025-11-21T02:06:47.584989+00:00,2025-11-21T02:06:47.584989+00:00
1498,Riccardo De Filippis,Actor,2025-11-21T02:06:47.584989+00:00,2025-11-21T02:06:47.584989+00:00
324,Dorien Davies,Actor,2025-11-21T02:06:47.584989+00:00,2025-11-21T02:06:47.584989+00:00
1023,Hasnul Rahmat,Actor,2025-11-21T02:06:47.584989+00:00,2025-11-21T02:06:47.584989+00:00
659,Anthony Mackie,Actor,2025-11-21T02:06:47.584989+00:00,2025-11-21T02:06:47.584989+00:00
1076,Yinka Olorunnife,Actor,2025-11-21T02:06:47.584989+00:00,2025-11-21T02:06:47.584989+00:00
293,K. Ajayakumar,Director,2025-11-21T02:06:47.584989+00:00,2025-11-21T02:06:47.584989+00:00
1535,Kristiyan Iliev,Actor,2025-11-21T02:06:47.584989+00:00,2025-11-21T02:06:47.584989+00:00
1448,Jeff McDonald,Actor,2025-11-21T02:06:47.584989+00:00,2025-11-21T02:06:47.584989+00:00
266,Matilda Kimber,Actor,2025-11-21T02:06:47.584989+00:00,2025-11-21T02:06:47.584989+00:00
1433,Eva Hurley,Actor,2025-11-21T02:06:47.584989+00:00,2025-11-21T02:06:47.584989+00:00
436,Colin Trevorrow,Director,2025-11-21T02:06:47.584989+00:00,2025-11-21T02:06:47.584989+00:00
1415,Mehdi Aliyev,Actor,2025-11-21T02:06:47.584989+00:00,2025-11-21T02:06:47.584989+00:00
835,Joana Nwamerue,Actor,2025-11-21T02:06:47.584989+00:00,2025-11-21T02:06:47.584989+00:00
190,Justin McGilvery,Director,2025-11-21T02:06:47.584989+00:00,2025-11-21T02:06:47.584989+00:00
936,Monica Horan,Actor,2025-11-21T02:06:47.584989+00:00,2025-11-21T02:06:47.584989+00:00
19,Chamila Rodríguez,Actor,2025-11-21T02:06:47.584989+00:00,2025-11-21T02:06:47.584989+00:00
1169,Ewen MacIntosh,Actor,2025-11-21T02:06:47.584989+00:00,2025-11-21T02:06:47.584989+00:00
444,Rupert Evans,Actor,2025-11-21T02:06:47.584989+00:00,2025-11-21T02:06:47.584989+00:00
1595,Sara Allbright,Actor,2025-11-21T02:06:47.584989+00:00,2025-11-21T02:06:47.584989+00:00
1597,Reece McClure,Actor,2025-11-21T02:06:47.584989+00:00,2025-11-21T02:06:47.584989+00:00
1596,Rachel McClure,Actor,2025-11-21T02:06:47.584989+00:00,2025-11-21T02:06:47.584989+00:00
1598,Ashton Hughes,Actor,2025-11-21T02:06:47.584989+00:00,2025-11-21T02:06:47.584989+00:00
312,Sofia Boutella,Actor,2025-11-21T02:06:47.584989+00:00,2025-11-21T02:06:47.584989+00:00
159,John Dunleavy,Actor,2025-11-21T02:06:47.584989+00:00,2025-11-21T02:06:47.584989+00:00
547,Zachary Levi,Actor,2025-11-21T02:06:47.584989+00:00,2025-11-21T02:06:47.584989+00:00
576,Kenan Raven,Actor,2025-11-21T02:06:47.584989+00:00,2025-11-21T02:06:47.584989+00:00
1525,Lærke Winther,Actor,2025-11-21T02:06:47.584989+00:00,2025-11-21T02:06:47.584989+00:00
1223,Omari Hardwick,Actor,2025-11-21T02:06:47.584989+00:00,2025-11-21T02:06:47.584989+00:00
261,Lewis Tan,Actor,2025-11-21T02:06:47.584989+00:00,2025-11-21T02:06:47.584989+00:00
155,Dino Tripodis,Actor,2025-11-21T02:06:47.584989+00:00,2025-11-21T02:06:47.584989+00:00
1269,Jose Adhya,Actor,2025-11-21T02:06:47.584989+00:00,2025-11-21T02:06:47.584989+00:00
1282,Connie Wellman,Actor,2025-11-21T02:06:47.584989+00:00,2025-11-21T02:06:47.584989+00:00
834,Danica Davis,Actor,2025-11-21T02:06:47.584989+00:00,2025-11-21T02:06:47.584989+00:00
1285,Amity Bacon,Actor,2025-11-21T02:06:47.584989+00:00,2025-11-21T02:06:47.584989+00:00
306,Dave Bautista,Actor,2025-11-21T02:06:47.584989+00:00,2025-11-21T02:06:47.584989+00:00
878,Peter Krag,Actor,2025-11-21T02:06:47.584989+00:00,2025-11-21T02:06:47.584989+00:00
304,Nasir Khan,Actor,2025-11-21T02:06:47.584989+00:00,2025-11-21T02:06:47.584989+00:00
1242,Seu Jorge,Actor,2025-11-21T02:06:47.584989+00:00,2025-11-21T02:06:47.584989+00:00
437,Lise Jørgensen,Actor,2025-11-21T02:06:47.584989+00:00,2025-11-21T02:06:47.584989+00:00
1369,Dawid Tulej,Actor,2025-11-21T02:06:47.584989+00:00,2025-11-21T02:06:47.584989+00:00
1375,Zofia Przygonska,Actor,2025-11-21T02:06:47.584989+00:00,2025-11-21T02:06:47.584989+00:00
1033,Edgar Ramírez,Actor,2025-11-21T02:06:47.584989+00:00,2025-11-21T02:06:47.584989+00:00
631,Richard Gleason,Actor,2025-11-21T02:06:47.584989+00:00,2025-11-21T02:06:47.584989+00:00
1601,Jason C. Wilson,Director,2025-11-21T02:06:47.584989+00:00,2025-11-21T02:06:47.584989+00:00
1064,Corey Holcomb,Actor,2025-11-21T02:06:47.584989+00:00,2025-11-21T02:06:47.584989+00:00
1349,Carolina Jabor,Director,2025-11-21T02:06:47.584989+00:00,2025-11-21T02:06:47.584989+00:00
1284,Anthony Molinari,Actor,2025-11-21T02:06:47.584989+00:00,2025-11-21T02:06:47.584989+00:00
1212,Sukhwant Dhadda,Director,2025-11-21T02:06:47.584989+00:00,2025-11-21T02:06:47.584989+00:00
126,Damuanna Joshi,Actor,2025-11-21T02:06:47.584989+00:00,2025-11-21T02:06:47.584989+00:00
566,Anthony Connell,Actor,2025-11-21T02:06:47.584989+00:00,2025-11-21T02:06:47.584989+00:00
1402,Stanley Jung,Actor,2025-11-21T02:06:47.584989+00:00,2025-11-21T02:06:47.584989+00:00
675,Oscar Isaac,Actor,2025-11-21T02:06:47.584989+00:00,2025-11-21T02:06:47.584989+00:00
1048,Bryan Jardine,Actor,2025-11-21T02:06:47.584989+00:00,2025-11-21T02:06:47.584989+00:00
997,Feodor Chin,Actor,2025-11-21T02:06:47.584989+00:00,2025-11-21T02:06:47.584989+00:00
895,Sarah Maria Newman,Actor,2025-11-21T02:06:47.584989+00:00,2025-11-21T02:06:47.584989+00:00
708,Ryan Hansen,Actor,2025-11-21T02:06:47.584989+00:00,2025-11-21T02:06:47.584989+00:00
279,Robert Gibson,Actor,2025-11-21T02:06:47.584989+00:00,2025-11-21T02:06:47.584989+00:00
276,David Curtis,Actor,2025-11-21T02:06:47.584989+00:00,2025-11-21T02:06:47.584989+00:00
280,Christopher O'Brien,Actor,2025-11-21T02:06:47.584989+00:00,2025-11-21T02:06:47.584989+00:00
274,Jerry Boyd,Actor,2025-11-21T02:06:47.584989+00:00,2025-11-21T02:06:47.584989+00:00
281,Jimmy Williams,Actor,2025-11-21T02:06:47.584989+00:00,2025-11-21T02:06:47.584989+00:00
272,Cynthea Amanson,Actor,2025-11-21T02:06:47.584989+00:00,2025-11-21T02:06:47.584989+00:00
275,Maria Coles,Actor,2025-11-21T02:06:47.584989+00:00,2025-11-21T02:06:47.584989+00:00
556,Michelle Borth,Actor,2025-11-21T02:06:47.584989+00:00,2025-11-21T02:06:47.584989+00:00
231,Patricia Valeix,Director,2025-11-21T02:06:47.584989+00:00,2025-11-21T02:06:47.584989+00:00
1455,Sophia Jiang,Actor,2025-11-21T02:06:47.584989+00:00,2025-11-21T02:06:47.584989+00:00
1037,Veronica Falcón,Actor,2025-11-21T02:06:47.584989+00:00,2025-11-21T02:06:47.584989+00:00
723,Sami Amber,Actor,2025-11-21T02:06:47.584989+00:00,2025-11-21T02:06:47.584989+00:00
1308,Katarina Dimic,Actor,2025-11-21T02:06:47.584989+00:00,2025-11-21T02:06:47.584989+00:00
1361,Ingeborg Mork Håskjold,Actor,2025-11-21T02:06:47.584989+00:00,2025-11-21T02:06:47.584989+00:00
1362,Edwin Roseth-Oye,Actor,2025-11-21T02:06:47.584989+00:00,2025-11-21T02:06:47.584989+00:00
579,Michael O'Bernicia,Director,2025-11-21T02:06:47.584989+00:00,2025-11-21T02:06:47.584989+00:00
138,Anne-Marie Jenkins,Actor,2025-11-21T02:06:47.584989+00:00,2025-11-21T02:06:47.584989+00:00
124,Vimal Ghaisas,Actor,2025-11-21T02:06:47.584989+00:00,2025-11-21T02:06:47.584989+00:00
329,Baosier,Actor,2025-11-21T02:06:47.584989+00:00,2025-11-21T02:06:47.584989+00:00
331,Fei Han,Actor,2025-11-21T02:06:47.584989+00:00,2025-11-21T02:06:47.584989+00:00
1078,Zachary Hing,Actor,2025-11-21T02:06:47.584989+00:00,2025-11-21T02:06:47.584989+00:00
328,Likun Yang,Actor,2025-11-21T02:06:47.584989+00:00,2025-11-21T02:06:47.584989+00:00
333,Jie Liu,Actor,2025-11-21T02:06:47.584989+00:00,2025-11-21T02:06:47.584989+00:00
332,Qiongying Huang,Actor,2025-11-21T02:06:47.584989+00:00,2025-11-21T02:06:47.584989+00:00
1150,Amanda Wing,Actor,2025-11-21T02:06:47.584989+00:00,2025-11-21T02:06:47.584989+00:00
1083,Jon Bernthal,Actor,2025-11-21T02:06:47.584989+00:00,2025-11-21T02:06:47.584989+00:00
1059,Josh Gad,Actor,2025-11-21T02:06:47.584989+00:00,2025-11-21T02:06:47.584989+00:00
1039,Quim Gutiérrez,Actor,2025-11-21T02:06:47.584989+00:00,2025-11-21T02:06:47.584989+00:00
1531,Jon Lange,Actor,2025-11-21T02:06:47.584989+00:00,2025-11-21T02:06:47.584989+00:00
358,Andrew Getty,Director,2025-11-21T02:06:47.584989+00:00,2025-11-21T02:06:47.584989+00:00
1135,Alexandra Daddario,Actor,2025-11-21T02:06:47.584989+00:00,2025-11-21T02:06:47.584989+00:00
1068,Jeremy Garelick,Director,2025-11-21T02:06:47.584989+00:00,2025-11-21T02:06:47.584989+00:00
179,Oscar Barrett,Actor,2025-11-21T02:06:47.584989+00:00,2025-11-21T02:06:47.584989+00:00
178,Alana Barrett,Actor,2025-11-21T02:06:47.584989+00:00,2025-11-21T02:06:47.584989+00:00
180,Jack Millagan,Actor,2025-11-21T02:06:47.584989+00:00,2025-11-21T02:06:47.584989+00:00
181,Baby Scooby,Actor,2025-11-21T02:06:47.584989+00:00,2025-11-21T02:06:47.584989+00:00
719,F. Javier Gutiérrez,Director,2025-11-21T02:06:47.584989+00:00,2025-11-21T02:06:47.584989+00:00
688,Matthew Morrison,Actor,2025-11-21T02:06:47.584989+00:00,2025-11-21T02:06:47.584989+00:00
367,Gemma Brió,Actor,2025-11-21T02:06:47.584989+00:00,2025-11-21T02:06:47.584989+00:00
1032,Emily Blunt,Actor,2025-11-21T02:06:47.584989+00:00,2025-11-21T02:06:47.584989+00:00
544,Roshawn Franklin,Actor,2025-11-21T02:06:47.584989+00:00,2025-11-21T02:06:47.584989+00:00
729,Riley King,Actor,2025-11-21T02:06:47.584989+00:00,2025-11-21T02:06:47.584989+00:00
610,Ben Wheatley,Director,2025-11-21T02:06:47.584989+00:00,2025-11-21T02:06:47.584989+00:00
380,Gaetano Petroselido,Director,2025-11-21T02:06:47.584989+00:00,2025-11-21T02:06:47.584989+00:00
303,Murli Sharma,Actor,2025-11-21T02:06:47.584989+00:00,2025-11-21T02:06:47.584989+00:00
298,John Abraham,Actor,2025-11-21T02:06:47.584989+00:00,2025-11-21T02:06:47.584989+00:00
759,Jennifer Siebel Newsom,Actor,2025-11-21T02:06:47.584989+00:00,2025-11-21T02:06:47.584989+00:00
458,Dallas Roberts,Actor,2025-11-21T02:06:47.584989+00:00,2025-11-21T02:06:47.584989+00:00
474,Kristen Wiig,Actor,2025-11-21T02:06:47.584989+00:00,2025-11-21T02:06:47.584989+00:00
482,Travis Knight,Director,2025-11-21T02:06:47.584989+00:00,2025-11-21T02:06:47.584989+00:00
881,Garrett Hedlund,Actor,2025-11-21T02:06:47.584989+00:00,2025-11-21T02:06:47.584989+00:00
1522,Nikos Pantelidis,Actor,2025-11-21T02:06:47.584989+00:00,2025-11-21T02:06:47.584989+00:00
366,Amaury Brigante,Actor,2025-11-21T02:06:47.584989+00:00,2025-11-21T02:06:47.584989+00:00
428,Ty Simpkins,Actor,2025-11-21T02:06:47.584989+00:00,2025-11-21T02:06:47.584989+00:00
411,Ricky Whittle,Actor,2025-11-21T02:06:47.584989+00:00,2025-11-21T02:06:47.584989+00:00
1163,Hunter Mackenzie Austin,Actor,2025-11-21T02:06:47.584989+00:00,2025-11-21T02:06:47.584989+00:00
1144,Mariko Tsutsui,Actor,2025-11-21T02:06:47.584989+00:00,2025-11-21T02:06:47.584989+00:00
986,John DeMerell,Actor,2025-11-21T02:06:47.584989+00:00,2025-11-21T02:06:47.584989+00:00
741,Stefano Sollima,Director,2025-11-21T02:06:47.584989+00:00,2025-11-21T02:06:47.584989+00:00
139,John Poague,Actor,2025-11-21T02:06:47.584989+00:00,2025-11-21T02:06:47.584989+00:00
77,Sanjay D Rawal,Director,2025-11-21T02:06:47.584989+00:00,2025-11-21T02:06:47.584989+00:00
189,Don McDonald,Actor,2025-11-21T02:06:47.584989+00:00,2025-11-21T02:06:47.584989+00:00
515,Travis Fimmel,Actor,2025-11-21T02:06:47.584989+00:00,2025-11-21T02:06:47.584989+00:00
1314,Nikola Rakocevic,Actor,2025-11-21T02:06:47.584989+00:00,2025-11-21T02:06:47.584989+00:00
136,Steven Benjamin Wise,Actor,2025-11-21T02:06:47.584989+00:00,2025-11-21T02:06:47.584989+00:00
1105,Rob G. Kahn,Actor,2025-11-21T02:06:47.584989+00:00,2025-11-21T02:06:47.584989+00:00
302,Prakash Belawadi,Actor,2025-11-21T02:06:47.584989+00:00,2025-11-21T02:06:47.584989+00:00
882,Badger,Actor,2025-11-21T02:06:47.584989+00:00,2025-11-21T02:06:47.584989+00:00
886,Andy King,Actor,2025-11-21T02:06:47.584989+00:00,2025-11-21T02:06:47.584989+00:00
1333,Kip Weeks,Actor,2025-11-21T02:06:47.584989+00:00,2025-11-21T02:06:47.584989+00:00
1278,Dan Stevens,Actor,2025-11-21T02:06:47.584989+00:00,2025-11-21T02:06:47.584989+00:00
1218,Parisa Fitz-Henley,Actor,2025-11-21T02:06:47.584989+00:00,2025-11-21T02:06:47.584989+00:00
965,Scott Slone,Director,2025-11-21T02:06:47.584989+00:00,2025-11-21T02:06:47.584989+00:00
359,Mireia Aixalà,Actor,2025-11-21T02:06:47.584989+00:00,2025-11-21T02:06:47.584989+00:00
1079,David Bruckner,Director,2025-11-21T02:06:47.584989+00:00,2025-11-21T02:06:47.584989+00:00
59,Consuelo Castillo,Actor,2025-11-21T02:06:47.584989+00:00,2025-11-21T02:06:47.584989+00:00
1045,Maria Dinulescu,Actor,2025-11-21T02:06:47.584989+00:00,2025-11-21T02:06:47.584989+00:00
265,Mehcad Brooks,Actor,2025-11-21T02:06:47.584989+00:00,2025-11-21T02:06:47.584989+00:00
1214,Lucy Hale,Actor,2025-11-21T02:06:47.584989+00:00,2025-11-21T02:06:47.584989+00:00
1386,Alireza Houshyar,Actor,2025-11-21T02:06:47.584989+00:00,2025-11-21T02:06:47.584989+00:00
1106,John Hemphill,Actor,2025-11-21T02:06:47.584989+00:00,2025-11-21T02:06:47.584989+00:00
1041,Jaume Collet-Serra,Director,2025-11-21T02:06:47.584989+00:00,2025-11-21T02:06:47.584989+00:00
591,Robby Kushner,Director,2025-11-21T02:06:47.584989+00:00,2025-11-21T02:06:47.584989+00:00
658,Evangeline Lilly,Actor,2025-11-21T02:06:47.584989+00:00,2025-11-21T02:06:47.584989+00:00
1344,Luisa Arraes,Actor,2025-11-21T02:06:47.584989+00:00,2025-11-21T02:06:47.584989+00:00
253,Myles Beeby,Actor,2025-11-21T02:06:47.584989+00:00,2025-11-21T02:06:47.584989+00:00
255,Jason Bisonette,Actor,2025-11-21T02:06:47.584989+00:00,2025-11-21T02:06:47.584989+00:00
258,Jason Dragif,Actor,2025-11-21T02:06:47.584989+00:00,2025-11-21T02:06:47.584989+00:00
1146,Sean Gray,Actor,2025-11-21T02:06:47.584989+00:00,2025-11-21T02:06:47.584989+00:00
1348,Anne Pinheiro Guimarães,Director,2025-11-21T02:06:47.584989+00:00,2025-11-21T02:06:47.584989+00:00
1368,Arkadiusz Jakubik,Actor,2025-11-21T02:06:47.584989+00:00,2025-11-21T02:06:47.584989+00:00
1306,Dubravka Kovjanic,Actor,2025-11-21T02:06:47.584989+00:00,2025-11-21T02:06:47.584989+00:00
1317,Jo Schmeiser,Director,2025-11-21T02:06:47.584989+00:00,2025-11-21T02:06:47.584989+00:00
644,Channing Tatum,Actor,2025-11-21T02:06:47.584989+00:00,2025-11-21T02:06:47.584989+00:00
680,Hope Banks,Actor,2025-11-21T02:06:47.584989+00:00,2025-11-21T02:06:47.584989+00:00
762,Kate Orsini,Actor,2025-11-21T02:06:47.584989+00:00,2025-11-21T02:06:47.584989+00:00
781,Yvonne Delarosa,Actor,2025-11-21T02:06:47.584989+00:00,2025-11-21T02:06:47.584989+00:00
326,Jeremy Guskin,Actor,2025-11-21T02:06:47.584989+00:00,2025-11-21T02:06:47.584989+00:00
1420,Rick Ostermann,Director,2025-11-21T02:06:47.584989+00:00,2025-11-21T02:06:47.584989+00:00
192,Tom Yi,Actor,2025-11-21T02:06:47.584989+00:00,2025-11-21T02:06:47.584989+00:00
469,Keir Gilchrist,Actor,2025-11-21T02:06:47.584989+00:00,2025-11-21T02:06:47.584989+00:00
1157,Brandon Ratcliff,Actor,2025-11-21T02:06:47.584989+00:00,2025-11-21T02:06:47.584989+00:00
858,Duncan Jones,Director,2025-11-21T02:06:47.584989+00:00,2025-11-21T02:06:47.584989+00:00
581,Chris Pine,Actor,2025-11-21T02:06:47.584989+00:00,2025-11-21T02:06:47.584989+00:00
870,Eddie Redmayne,Actor,2025-11-21T02:06:47.584989+00:00,2025-11-21T02:06:47.584989+00:00
852,Toby Kebbell,Actor,2025-11-21T02:06:47.584989+00:00,2025-11-21T02:06:47.584989+00:00
308,Mia Rouba M.Kiss,Actor,2025-11-21T02:06:47.584989+00:00,2025-11-21T02:06:47.584989+00:00
555,Grace Caroline Currey,Actor,2025-11-21T02:06:47.584989+00:00,2025-11-21T02:06:47.584989+00:00
392,Mayko Nguyen,Actor,2025-11-21T02:06:47.584989+00:00,2025-11-21T02:06:47.584989+00:00
1111,Michael Miller,Actor,2025-11-21T02:06:47.584989+00:00,2025-11-21T02:06:47.584989+00:00
816,Emayatzy Corinealdi,Actor,2025-11-21T02:06:47.584989+00:00,2025-11-21T02:06:47.584989+00:00
944,Amy Seimetz,Actor,2025-11-21T02:06:47.584989+00:00,2025-11-21T02:06:47.584989+00:00
517,Alexander England,Actor,2025-11-21T02:06:47.584989+00:00,2025-11-21T02:06:47.584989+00:00
740,Cam Gigandet,Actor,2025-11-21T02:06:47.584989+00:00,2025-11-21T02:06:47.584989+00:00
1241,Diego Boneta,Actor,2025-11-21T02:06:47.584989+00:00,2025-11-21T02:06:47.584989+00:00
471,Kyle Patrick Alvarez,Director,2025-11-21T02:06:47.584989+00:00,2025-11-21T02:06:47.584989+00:00
857,Ruth Negga,Actor,2025-11-21T02:06:47.584989+00:00,2025-11-21T02:06:47.584989+00:00
954,Dennis Widmyer,Director,2025-11-21T02:06:47.584989+00:00,2025-11-21T02:06:47.584989+00:00
475,Alison Brie,Actor,2025-11-21T02:06:47.584989+00:00,2025-11-21T02:06:47.584989+00:00
953,Kevin Kölsch,Director,2025-11-21T02:06:47.584989+00:00,2025-11-21T02:06:47.584989+00:00
780,Carey Borth,"Actor, Director",2025-11-21T02:06:47.584989+00:00,2025-11-21T02:06:47.584989+00:00
1236,Susan Pourfar,Actor,2025-11-21T02:06:47.584989+00:00,2025-11-21T02:06:47.584989+00:00
121,Vasant Bapat,Actor,2025-11-21T02:06:47.584989+00:00,2025-11-21T02:06:47.584989+00:00
128,Pandurang Joshi,Actor,2025-11-21T02:06:47.584989+00:00,2025-11-21T02:06:47.584989+00:00
127,Nagesh Joshi,Actor,2025-11-21T02:06:47.584989+00:00,2025-11-21T02:06:47.584989+00:00
122,Ashok Bhat,Actor,2025-11-21T02:06:47.584989+00:00,2025-11-21T02:06:47.584989+00:00
828,Robert Sheehan,Actor,2025-11-21T02:06:47.584989+00:00,2025-11-21T02:06:47.584989+00:00
1164,Alrick Brown,Actor,2025-11-21T02:06:47.584989+00:00,2025-11-21T02:06:47.584989+00:00
627,David Safarian,Director,2025-11-21T02:06:47.584989+00:00,2025-11-21T02:06:47.584989+00:00
727,Phil Johnston,"Actor, Director",2025-11-21T02:06:47.584989+00:00,2025-11-21T02:06:47.584989+00:00
896,Stephanie L. Moore,Actor,2025-11-21T02:06:47.584989+00:00,2025-11-21T02:06:47.584989+00:00
612,Meghna Naidu,Actor,2025-11-21T02:06:47.584989+00:00,2025-11-21T02:06:47.584989+00:00
810,Arundathi Nag,Actor,2025-11-21T02:06:47.584989+00:00,2025-11-21T02:06:47.584989+00:00
169,Dean Simone,Actor,2025-11-21T02:06:47.584989+00:00,2025-11-21T02:06:47.584989+00:00
170,Robert Bernard Nello,Actor,2025-11-21T02:06:47.584989+00:00,2025-11-21T02:06:47.584989+00:00
171,Patrick Wright,Actor,2025-11-21T02:06:47.584989+00:00,2025-11-21T02:06:47.584989+00:00
175,Carl Gilliard,Actor,2025-11-21T02:06:47.584989+00:00,2025-11-21T02:06:47.584989+00:00
167,Chase Nash,Actor,2025-11-21T02:06:47.584989+00:00,2025-11-21T02:06:47.584989+00:00
1404,Benny Greeno,Actor,2025-11-21T02:06:47.584989+00:00,2025-11-21T02:06:47.584989+00:00
1403,Chantal Emmery,Actor,2025-11-21T02:06:47.584989+00:00,2025-11-21T02:06:47.584989+00:00
1405,Gregory Scaman,Director,2025-11-21T02:06:47.584989+00:00,2025-11-21T02:06:47.584989+00:00
1615,Hong Cheng,Actor,2025-11-21T02:06:47.584989+00:00,2025-11-21T02:06:47.584989+00:00
713,Aimee Teegarden,Actor,2025-11-21T02:06:47.584989+00:00,2025-11-21T02:06:47.584989+00:00
543,Ezra Cruz,Actor,2025-11-21T02:06:47.584989+00:00,2025-11-21T02:06:47.584989+00:00
1186,Alex Pettyfer,"Actor, Director",2025-11-21T02:06:47.584989+00:00,2025-11-21T02:06:47.584989+00:00
1061,Affion Crockett,Actor,2025-11-21T02:06:47.584989+00:00,2025-11-21T02:06:47.584989+00:00
307,Dmitrij Kalacsov,Actor,2025-11-21T02:06:47.584989+00:00,2025-11-21T02:06:47.584989+00:00
1119,Gina Akers,Actor,2025-11-21T02:06:47.584989+00:00,2025-11-21T02:06:47.584989+00:00
422,Lara,Actor,2025-11-21T02:06:47.584989+00:00,2025-11-21T02:06:47.584989+00:00
788,Sebastian Stan,Actor,2025-11-21T02:06:47.584989+00:00,2025-11-21T02:06:47.584989+00:00
512,Antje Traue,Actor,2025-11-21T02:06:47.584989+00:00,2025-11-21T02:06:47.584989+00:00
998,Martin Garrison,Director,2025-11-21T02:06:47.584989+00:00,2025-11-21T02:06:47.584989+00:00
1411,Eldaniz Abdullayev,Actor,2025-11-21T02:06:47.584989+00:00,2025-11-21T02:06:47.584989+00:00
1412,Mahammad Abdullazada,Actor,2025-11-21T02:06:47.584989+00:00,2025-11-21T02:06:47.584989+00:00
1414,Gosoun Ahmadov,Actor,2025-11-21T02:06:47.584989+00:00,2025-11-21T02:06:47.584989+00:00
1413,Ziya Abdulxalidov,Actor,2025-11-21T02:06:47.584989+00:00,2025-11-21T02:06:47.584989+00:00
502,Idara Victor,Actor,2025-11-21T02:06:47.584989+00:00,2025-11-21T02:06:47.584989+00:00
1096,James Fisher,Actor,2025-11-21T02:06:47.584989+00:00,2025-11-21T02:06:47.584989+00:00
646,Jonah Hill,Actor,2025-11-21T02:06:47.584989+00:00,2025-11-21T02:06:47.584989+00:00
871,Amber Heard,Actor,2025-11-21T02:06:47.584989+00:00,2025-11-21T02:06:47.584989+00:00
574,Bill Pickard,Actor,2025-11-21T02:06:47.584989+00:00,2025-11-21T02:06:47.584989+00:00
1590,Rob Morgan,Actor,2025-11-21T02:06:47.584989+00:00,2025-11-21T02:06:47.584989+00:00
728,Jason Mantzoukas,Actor,2025-11-21T02:06:47.584989+00:00,2025-11-21T02:06:47.584989+00:00
337,Alexander Krüger,Director,2025-11-21T02:06:47.584989+00:00,2025-11-21T02:06:47.584989+00:00
565,Mark Elias,Actor,2025-11-21T02:06:47.584989+00:00,2025-11-21T02:06:47.584989+00:00
1524,Mille Dinesen,Actor,2025-11-21T02:06:47.584989+00:00,2025-11-21T02:06:47.584989+00:00
849,Paula Patton,Actor,2025-11-21T02:06:47.584989+00:00,2025-11-21T02:06:47.584989+00:00
1179,Katherine Taub,Actor,2025-11-21T02:06:47.584989+00:00,2025-11-21T02:06:47.584989+00:00
1101,Suzanne Procter,Actor,2025-11-21T02:06:47.584989+00:00,2025-11-21T02:06:47.584989+00:00
409,Kader Kashmiri,Director,2025-11-21T02:06:47.584989+00:00,2025-11-21T02:06:47.584989+00:00
300,Neil Nitin Mukesh,Actor,2025-11-21T02:06:47.584989+00:00,2025-11-21T02:06:47.584989+00:00
1123,Adrian Annis,Actor,2025-11-21T02:06:47.584989+00:00,2025-11-21T02:06:47.584989+00:00
1081,Rami Malek,Actor,2025-11-21T02:06:47.584989+00:00,2025-11-21T02:06:47.584989+00:00
393,Dylan Taylor,Actor,2025-11-21T02:06:47.584989+00:00,2025-11-21T02:06:47.584989+00:00
1148,Renee Dorian,Actor,2025-11-21T02:06:47.584989+00:00,2025-11-21T02:06:47.584989+00:00
150,Kylie Dakota,Actor,2025-11-21T02:06:47.584989+00:00,2025-11-21T02:06:47.584989+00:00
1145,William Olsson,Director,2025-11-21T02:06:47.584989+00:00,2025-11-21T02:06:47.584989+00:00
209,Birendra Krishna Bhadra,Director,2025-11-21T02:06:47.584989+00:00,2025-11-21T02:06:47.584989+00:00
604,Luke Evans,Actor,2025-11-21T02:06:47.584989+00:00,2025-11-21T02:06:47.584989+00:00
451,Gugu Mbatha-Raw,Actor,2025-11-21T02:06:47.584989+00:00,2025-11-21T02:06:47.584989+00:00
717,Zach Roerig,Actor,2025-11-21T02:06:47.584989+00:00,2025-11-21T02:06:47.584989+00:00
558,Wade Sullivan,Actor,2025-11-21T02:06:47.584989+00:00,2025-11-21T02:06:47.584989+00:00
505,Steve Karras,Director,2025-11-21T02:06:47.584989+00:00,2025-11-21T02:06:47.584989+00:00
12,Claudia Paz,Actor,2025-11-21T02:06:47.584989+00:00,2025-11-21T02:06:47.584989+00:00
1004,Yaya DaCosta,Actor,2025-11-21T02:06:47.584989+00:00,2025-11-21T02:06:47.584989+00:00
559,Cynthia Calvert,Actor,2025-11-21T02:06:47.584989+00:00,2025-11-21T02:06:47.584989+00:00
564,Victor Ratliff,Actor,2025-11-21T02:06:47.584989+00:00,2025-11-21T02:06:47.584989+00:00
1113,Nick G. Miller,Director,2025-11-21T02:06:47.584989+00:00,2025-11-21T02:06:47.584989+00:00
464,Olivia Thirlby,Actor,2025-11-21T02:06:47.584989+00:00,2025-11-21T02:06:47.584989+00:00
615,Sameer Kochhar,Actor,2025-11-21T02:06:47.584989+00:00,2025-11-21T02:06:47.584989+00:00
1090,Anita Anand,Actor,2025-11-21T02:06:47.584989+00:00,2025-11-21T02:06:47.584989+00:00
1431,Celeste Marcone,Actor,2025-11-21T02:06:47.584989+00:00,2025-11-21T02:06:47.584989+00:00
994,Paris Wages,Actor,2025-11-21T02:06:47.584989+00:00,2025-11-21T02:06:47.584989+00:00
1341,Johnny Massaro,Actor,2025-11-21T02:06:47.584989+00:00,2025-11-21T02:06:47.584989+00:00
567,Sara Astin,Actor,2025-11-21T02:06:47.584989+00:00,2025-11-21T02:06:47.584989+00:00
1249,Jeff Zimbalist,Director,2025-11-21T02:06:47.584989+00:00,2025-11-21T02:06:47.584989+00:00
757,Bill Mendieta,Actor,2025-11-21T02:06:47.584989+00:00,2025-11-21T02:06:47.584989+00:00
577,Spek,Actor,2025-11-21T02:06:47.584989+00:00,2025-11-21T02:06:47.584989+00:00
563,Chelsey Crisp,Actor,2025-11-21T02:06:47.584989+00:00,2025-11-21T02:06:47.584989+00:00
699,Allison Sarofim,Actor,2025-11-21T02:06:47.584989+00:00,2025-11-21T02:06:47.584989+00:00
619,Samit L. Baadkar,Director,2025-11-21T02:06:47.584989+00:00,2025-11-21T02:06:47.584989+00:00
1315,Nada Sargin,Actor,2025-11-21T02:06:47.584989+00:00,2025-11-21T02:06:47.584989+00:00
685,Jack O'Connell,Actor,2025-11-21T02:06:47.584989+00:00,2025-11-21T02:06:47.584989+00:00
900,Cherish Alexander,Actor,2025-11-21T02:06:47.584989+00:00,2025-11-21T02:06:47.584989+00:00
1156,Tito da Costa,Director,2025-11-21T02:06:47.584989+00:00,2025-11-21T02:06:47.584989+00:00
924,Tip 'T.I.' Harris,Actor,2025-11-21T02:06:47.584989+00:00,2025-11-21T02:06:47.584989+00:00
663,Andrew Garfield,Actor,2025-11-21T02:06:47.584989+00:00,2025-11-21T02:06:47.584989+00:00
1159,Jodi Shilling,Actor,2025-11-21T02:06:47.584989+00:00,2025-11-21T02:06:47.584989+00:00
1305,Malik Isasis,Director,2025-11-21T02:06:47.584989+00:00,2025-11-21T02:06:47.584989+00:00
1182,Johanna Botta,Actor,2025-11-21T02:06:47.584989+00:00,2025-11-21T02:06:47.584989+00:00
299,Manav Kaul,Actor,2025-11-21T02:06:47.584989+00:00,2025-11-21T02:06:47.584989+00:00
763,Raegan Payne,Actor,2025-11-21T02:06:47.584989+00:00,2025-11-21T02:06:47.584989+00:00
1506,Stéphane Haskell,Director,2025-11-21T02:06:47.584989+00:00,2025-11-21T02:06:47.584989+00:00
966,Adam Pitman,"Actor, Director",2025-11-21T02:06:47.584989+00:00,2025-11-21T02:06:47.584989+00:00
270,Chin Han,Actor,2025-11-21T02:06:47.584989+00:00,2025-11-21T02:06:47.584989+00:00
989,Kim Jiang Dubaniewicz,Actor,2025-11-21T02:06:47.584989+00:00,2025-11-21T02:06:47.584989+00:00
1177,John Bobek,Actor,2025-11-21T02:06:47.584989+00:00,2025-11-21T02:06:47.584989+00:00
735,Lauren London,Actor,2025-11-21T02:06:47.584989+00:00,2025-11-21T02:06:47.584989+00:00
601,Marc Webb,Director,2025-11-21T02:06:47.584989+00:00,2025-11-21T02:06:47.584989+00:00
633,Paul Swetland,Actor,2025-11-21T02:06:47.584989+00:00,2025-11-21T02:06:47.584989+00:00
1287,Dave Franco,Director,2025-11-21T02:06:47.584989+00:00,2025-11-21T02:06:47.584989+00:00
466,Moises Arias,Actor,2025-11-21T02:06:47.584989+00:00,2025-11-21T02:06:47.584989+00:00
447,Valorie Curry,Actor,2025-11-21T02:06:47.584989+00:00,2025-11-21T02:06:47.584989+00:00
854,Robert Kazinsky,Actor,2025-11-21T02:06:47.584989+00:00,2025-11-21T02:06:47.584989+00:00
15,Luis Vilches,Actor,2025-11-21T02:06:47.584989+00:00,2025-11-21T02:06:47.584989+00:00
1364,Tor Mian,Director,2025-11-21T02:06:47.584989+00:00,2025-11-21T02:06:47.584989+00:00
812,Pádraic Delaney,Actor,2025-11-21T02:06:47.584989+00:00,2025-11-21T02:06:47.584989+00:00
1585,Pedro Garciamejía,Director,2025-11-21T02:06:47.584989+00:00,2025-11-21T02:06:47.584989+00:00
1280,Jeremy Allen White,Actor,2025-11-21T02:06:47.584989+00:00,2025-11-21T02:06:47.584989+00:00
1604,J.J. Nolan,Actor,2025-11-21T02:06:47.584989+00:00,2025-11-21T02:06:47.584989+00:00
1607,Ashley Argota Torres,Actor,2025-11-21T02:06:47.584989+00:00,2025-11-21T02:06:47.584989+00:00
1092,Frank Jakeman,Actor,2025-11-21T02:06:47.584989+00:00,2025-11-21T02:06:47.584989+00:00
1562,Orçun Kaptan,Actor,2025-11-21T02:06:47.584989+00:00,2025-11-21T02:06:47.584989+00:00
754,Ty Paige,Actor,2025-11-21T02:06:47.584989+00:00,2025-11-21T02:06:47.584989+00:00
756,Ryan Paige,Director,2025-11-21T02:06:47.584989+00:00,2025-11-21T02:06:47.584989+00:00
1378,Arash Aasefi,Actor,2025-11-21T02:06:47.584989+00:00,2025-11-21T02:06:47.584989+00:00
1194,Jeff Pope,Actor,2025-11-21T02:06:47.584989+00:00,2025-11-21T02:06:47.584989+00:00
1302,Keith Miller,Actor,2025-11-21T02:06:47.584989+00:00,2025-11-21T02:06:47.584989+00:00
730,Todd Demong,Director,2025-11-21T02:06:47.584989+00:00,2025-11-21T02:06:47.584989+00:00
433,Jake Johnson,Actor,2025-11-21T02:06:47.584989+00:00,2025-11-21T02:06:47.584989+00:00
468,Gaius Charles,Actor,2025-11-21T02:06:47.584989+00:00,2025-11-21T02:06:47.584989+00:00
764,Jill Nicole Kuirsky,Actor,2025-11-21T02:06:47.584989+00:00,2025-11-21T02:06:47.584989+00:00
767,Emmett Loverde,Director,2025-11-21T02:06:47.584989+00:00,2025-11-21T02:06:47.584989+00:00
753,Joey Cummings,Actor,2025-11-21T02:06:47.584989+00:00,2025-11-21T02:06:47.584989+00:00
875,Emerald Fennell,Actor,2025-11-21T02:06:47.584989+00:00,2025-11-21T02:06:47.584989+00:00
975,Jasmine John,Actor,2025-11-21T02:06:47.584989+00:00,2025-11-21T02:06:47.584989+00:00
976,David Blair,Director,2025-11-21T02:06:47.584989+00:00,2025-11-21T02:06:47.584989+00:00
974,Adam Stilwell,Actor,2025-11-21T02:06:47.584989+00:00,2025-11-21T02:06:47.584989+00:00
783,Lawrence Williams,Actor,2025-11-21T02:06:47.584989+00:00,2025-11-21T02:06:47.584989+00:00
389,Aaron Davis,Actor,2025-11-21T02:06:47.584989+00:00,2025-11-21T02:06:47.584989+00:00
1583,Àlex Crivillé,Actor,2025-11-21T02:06:47.584989+00:00,2025-11-21T02:06:47.584989+00:00
1452,Jeanine Harrington,Actor,2025-11-21T02:06:47.584989+00:00,2025-11-21T02:06:47.584989+00:00
420,Haifaa Al-Mansour,Director,2025-11-21T02:06:47.584989+00:00,2025-11-21T02:06:47.584989+00:00
1175,Raza Mallal,Director,2025-11-21T02:06:47.584989+00:00,2025-11-21T02:06:47.584989+00:00
1102,Antony D. Lane,Director,2025-11-21T02:06:47.584989+00:00,2025-11-21T02:06:47.584989+00:00
320,Johnny Orlando,Actor,2025-11-21T02:06:47.584989+00:00,2025-11-21T02:06:47.584989+00:00
831,Michael Bisping,Actor,2025-11-21T02:06:47.584989+00:00,2025-11-21T02:06:47.584989+00:00
770,Isabelle Fuhrman,Actor,2025-11-21T02:06:47.584989+00:00,2025-11-21T02:06:47.584989+00:00
718,Laura Wiggins,Actor,2025-11-21T02:06:47.584989+00:00,2025-11-21T02:06:47.584989+00:00
889,George Mason,Actor,2025-11-21T02:06:47.584989+00:00,2025-11-21T02:06:47.584989+00:00
899,Cheryl David,Actor,2025-11-21T02:06:47.584989+00:00,2025-11-21T02:06:47.584989+00:00
775,Joshua Mikel,Actor,2025-11-21T02:06:47.584989+00:00,2025-11-21T02:06:47.584989+00:00
1124,Ash Mahmood,Director,2025-11-21T02:06:47.584989+00:00,2025-11-21T02:06:47.584989+00:00
1125,Naeem Mahmood,Director,2025-11-21T02:06:47.584989+00:00,2025-11-21T02:06:47.584989+00:00
1359,Erik Lundin,Actor,2025-11-21T02:06:47.584989+00:00,2025-11-21T02:06:47.584989+00:00
991,Jeff Bredt,Actor,2025-11-21T02:06:47.584989+00:00,2025-11-21T02:06:47.584989+00:00
785,Bryan S. Braun,Actor,2025-11-21T02:06:47.584989+00:00,2025-11-21T02:06:47.584989+00:00
1563,Birgül Ulusoy,Actor,2025-11-21T02:06:47.584989+00:00,2025-11-21T02:06:47.584989+00:00
913,Gladys Florence,"Actor, Director",2025-11-21T02:06:47.584989+00:00,2025-11-21T02:06:47.584989+00:00
305,Bejoy Nambiar,Director,2025-11-21T02:06:47.584989+00:00,2025-11-21T02:06:47.584989+00:00
805,Dev Patel,Actor,2025-11-21T02:06:47.584989+00:00,2025-11-21T02:06:47.584989+00:00
1151,Matt Lasky,Actor,2025-11-21T02:06:47.584989+00:00,2025-11-21T02:06:47.584989+00:00
1356,Lukas Loughran,Actor,2025-11-21T02:06:47.584989+00:00,2025-11-21T02:06:47.584989+00:00
963,Matt Easton,Actor,2025-11-21T02:06:47.584989+00:00,2025-11-21T02:06:47.584989+00:00
967,Nathaniel Peterson,Actor,2025-11-21T02:06:47.584989+00:00,2025-11-21T02:06:47.584989+00:00
969,Jaime Perkins,Actor,2025-11-21T02:06:47.584989+00:00,2025-11-21T02:06:47.584989+00:00
993,Becky Wu,Actor,2025-11-21T02:06:47.584989+00:00,2025-11-21T02:06:47.584989+00:00
968,Rian Jairell,Actor,2025-11-21T02:06:47.584989+00:00,2025-11-21T02:06:47.584989+00:00
981,Mary Lou Blanchard,Actor,2025-11-21T02:06:47.584989+00:00,2025-11-21T02:06:47.584989+00:00
995,Kavita Matani,Actor,2025-11-21T02:06:47.584989+00:00,2025-11-21T02:06:47.584989+00:00
977,Mike Ancrile,Actor,2025-11-21T02:06:47.584989+00:00,2025-11-21T02:06:47.584989+00:00
990,Luona Wang,Actor,2025-11-21T02:06:47.584989+00:00,2025-11-21T02:06:47.584989+00:00
979,Canton Belanger,Actor,2025-11-21T02:06:47.584989+00:00,2025-11-21T02:06:47.584989+00:00
980,Mark Bernstein,Actor,2025-11-21T02:06:47.584989+00:00,2025-11-21T02:06:47.584989+00:00
971,Sarina Hart,Actor,2025-11-21T02:06:47.584989+00:00,2025-11-21T02:06:47.584989+00:00
912,Jay Martin,Director,2025-11-21T02:06:47.584989+00:00,2025-11-21T02:06:47.584989+00:00
984,Jason Caminsky,Actor,2025-11-21T02:06:47.584989+00:00,2025-11-21T02:06:47.584989+00:00
985,Garrett Clayton,Actor,2025-11-21T02:06:47.584989+00:00,2025-11-21T02:06:47.584989+00:00
992,Frank Wenhai Wong,Actor,2025-11-21T02:06:47.584989+00:00,2025-11-21T02:06:47.584989+00:00
982,David Bomar,Actor,2025-11-21T02:06:47.584989+00:00,2025-11-21T02:06:47.584989+00:00
996,Muder Kothari,Actor,2025-11-21T02:06:47.584989+00:00,2025-11-21T02:06:47.584989+00:00
988,Matthew O. Sloan,Actor,2025-11-21T02:06:47.584989+00:00,2025-11-21T02:06:47.584989+00:00
1025,Elyana,Actor,2025-11-21T02:06:47.584989+00:00,2025-11-21T02:06:47.584989+00:00
1009,Dan Pritzker,Director,2025-11-21T02:06:47.584989+00:00,2025-11-21T02:06:47.584989+00:00
1027,Sofi Jikan,Actor,2025-11-21T02:06:47.584989+00:00,2025-11-21T02:06:47.584989+00:00
1028,Bront Palarae,Actor,2025-11-21T02:06:47.584989+00:00,2025-11-21T02:06:47.584989+00:00
297,Aditi Rao Hydari,Actor,2025-11-21T02:06:47.584989+00:00,2025-11-21T02:06:47.584989+00:00
640,Alden Ehrenreich,Actor,2025-11-21T02:06:47.584989+00:00,2025-11-21T02:06:47.584989+00:00
1188,Nicola Peltz Beckham,Actor,2025-11-21T02:06:47.584989+00:00,2025-11-21T02:06:47.584989+00:00
876,Henry Pettigrew,Actor,2025-11-21T02:06:47.584989+00:00,2025-11-21T02:06:47.584989+00:00
811,Devika Bhise,Actor,2025-11-21T02:06:47.584989+00:00,2025-11-21T02:06:47.584989+00:00
820,Christina Karis,Actor,2025-11-21T02:06:47.584989+00:00,2025-11-21T02:06:47.584989+00:00
1050,Mihai Nita,Actor,2025-11-21T02:06:47.584989+00:00,2025-11-21T02:06:47.584989+00:00
1112,Tommy Kelly,Actor,2025-11-21T02:06:47.584989+00:00,2025-11-21T02:06:47.584989+00:00
843,Aaron Jay Rome,Actor,2025-11-21T02:06:47.584989+00:00,2025-11-21T02:06:47.584989+00:00
1335,Skip Shea,"Actor, Director",2025-11-21T02:06:47.584989+00:00,2025-11-21T02:06:47.584989+00:00
1226,Nora Arnezeder,Actor,2025-11-21T02:06:47.584989+00:00,2025-11-21T02:06:47.584989+00:00
1149,Michael Buffo,Actor,2025-11-21T02:06:47.584989+00:00,2025-11-21T02:06:47.584989+00:00
557,David F. Sandberg,Director,2025-11-21T02:06:47.584989+00:00,2025-11-21T02:06:47.584989+00:00
445,Uzo Aduba,Actor,2025-11-21T02:06:47.584989+00:00,2025-11-21T02:06:47.584989+00:00
1600,Annie Silverstein,Director,2025-11-21T02:06:47.584989+00:00,2025-11-21T02:06:47.584989+00:00
1185,Josh Brewster,Actor,2025-11-21T02:06:47.584989+00:00,2025-11-21T02:06:47.584989+00:00
1077,Selina Lo,Actor,2025-11-21T02:06:47.584989+00:00,2025-11-21T02:06:47.584989+00:00
1114,Rachel Lloyd,Actor,2025-11-21T02:06:47.584989+00:00,2025-11-21T02:06:47.584989+00:00
518,Aaron Glenane,Actor,2025-11-21T02:06:47.584989+00:00,2025-11-21T02:06:47.584989+00:00
262,Jessica McNamee,Actor,2025-11-21T02:06:47.584989+00:00,2025-11-21T02:06:47.584989+00:00
683,Alicia Vikander,Actor,2025-11-21T02:06:47.584989+00:00,2025-11-21T02:06:47.584989+00:00
1080,Harvey Stein,Director,2025-11-21T02:06:47.584989+00:00,2025-11-21T02:06:47.584989+00:00
618,Kiran Shahi,Actor,2025-11-21T02:06:47.584989+00:00,2025-11-21T02:06:47.584989+00:00
972,Tony Hernandez,Actor,2025-11-21T02:06:47.584989+00:00,2025-11-21T02:06:47.584989+00:00
1514,Dimitris Lalos,Actor,2025-11-21T02:06:47.584989+00:00,2025-11-21T02:06:47.584989+00:00
1296,Kenneth L. Browning,Actor,2025-11-21T02:06:47.584989+00:00,2025-11-21T02:06:47.584989+00:00
394,Saad Siddiqui,Actor,2025-11-21T02:06:47.584989+00:00,2025-11-21T02:06:47.584989+00:00
1622,Chris Mollica,Actor,2025-11-21T02:06:47.584989+00:00,2025-11-21T02:06:47.584989+00:00
271,Simon McQuoid,Director,2025-11-21T02:06:47.584989+00:00,2025-11-21T02:06:47.584989+00:00
1496,Michela Andreozzi,Actor,2025-11-21T02:06:47.584989+00:00,2025-11-21T02:06:47.584989+00:00
1094,Neal Ward,Actor,2025-11-21T02:06:47.584989+00:00,2025-11-21T02:06:47.584989+00:00
1229,Cleo Uebelmann,"Actor, Director",2025-11-21T02:06:47.584989+00:00,2025-11-21T02:06:47.584989+00:00
526,Gemma Arterton,Actor,2025-11-21T02:06:47.584989+00:00,2025-11-21T02:06:47.584989+00:00
1279,Sheila Vand,Actor,2025-11-21T02:06:47.584989+00:00,2025-11-21T02:06:47.584989+00:00
1611,Stephen Cedars,Director,2025-11-21T02:06:47.584989+00:00,2025-11-21T02:06:47.584989+00:00
737,Todd Lasance,Actor,2025-11-21T02:06:47.584989+00:00,2025-11-21T02:06:47.584989+00:00
925,Grant Gustin,Actor,2025-11-21T02:06:47.584989+00:00,2025-11-21T02:06:47.584989+00:00
1371,Shane Casey,Actor,2025-11-21T02:06:47.584989+00:00,2025-11-21T02:06:47.584989+00:00
1488,Momo Yeung,Actor,2025-11-21T02:06:47.584989+00:00,2025-11-21T02:06:47.584989+00:00
651,Sheetal Malhar,Actor,2025-11-21T02:06:47.584989+00:00,2025-11-21T02:06:47.584989+00:00
479,Charlotte Riley,Actor,2025-11-21T02:06:47.584989+00:00,2025-11-21T02:06:47.584989+00:00
1118,James Jagger,Actor,2025-11-21T02:06:47.584989+00:00,2025-11-21T02:06:47.584989+00:00
1334,Aurora Grabill,Actor,2025-11-21T02:06:47.584989+00:00,2025-11-21T02:06:47.584989+00:00
301,Anjumm Shharma,Actor,2025-11-21T02:06:47.584989+00:00,2025-11-21T02:06:47.584989+00:00
1120,Andrew Alexander,Actor,2025-11-21T02:06:47.584989+00:00,2025-11-21T02:06:47.584989+00:00
1121,Dean Allum,Actor,2025-11-21T02:06:47.584989+00:00,2025-11-21T02:06:47.584989+00:00
1122,Andy,Actor,2025-11-21T02:06:47.584989+00:00,2025-11-21T02:06:47.584989+00:00
491,David Dastmalchian,Actor,2025-11-21T02:06:47.584989+00:00,2025-11-21T02:06:47.584989+00:00
938,Katherine VanderLinden,Actor,2025-11-21T02:06:47.584989+00:00,2025-11-21T02:06:47.584989+00:00
1171,Nina Jamil,Actor,2025-11-21T02:06:47.584989+00:00,2025-11-21T02:06:47.584989+00:00
523,Mojean Aria,Actor,2025-11-21T02:06:47.584989+00:00,2025-11-21T02:06:47.584989+00:00
922,Marzia Ciacci,Actor,2025-11-21T02:06:47.584989+00:00,2025-11-21T02:06:47.584989+00:00
684,Dane DeHaan,Actor,2025-11-21T02:06:47.584989+00:00,2025-11-21T02:06:47.584989+00:00
1063,Dan Gill,Actor,2025-11-21T02:06:47.584989+00:00,2025-11-21T02:06:47.584989+00:00
580,Gal Gadot,Actor,2025-11-21T02:06:47.584989+00:00,2025-11-21T02:06:47.584989+00:00
1132,Mens-Sana Tamakloe,Actor,2025-11-21T02:06:47.584989+00:00,2025-11-21T02:06:47.584989+00:00
273,Patti Been,Actor,2025-11-21T02:06:47.584989+00:00,2025-11-21T02:06:47.584989+00:00
836,Manal El-Feitury,Actor,2025-11-21T02:06:47.584989+00:00,2025-11-21T02:06:47.584989+00:00
461,Ezra Miller,Actor,2025-11-21T02:06:47.584989+00:00,2025-11-21T02:06:47.584989+00:00
1082,Rachel Brosnahan,Actor,2025-11-21T02:06:47.584989+00:00,2025-11-21T02:06:47.584989+00:00
264,Joe Taslim,Actor,2025-11-21T02:06:47.584989+00:00,2025-11-21T02:06:47.584989+00:00
1136,Takehiro Hira,Actor,2025-11-21T02:06:47.584989+00:00,2025-11-21T02:06:47.584989+00:00
267,Laura Brent,Actor,2025-11-21T02:06:47.584989+00:00,2025-11-21T02:06:47.584989+00:00
1129,Margot Robbie,Actor,2025-11-21T02:06:47.584989+00:00,2025-11-21T02:06:47.584989+00:00
545,Jacques Landry,Actor,2025-11-21T02:06:47.584989+00:00,2025-11-21T02:06:47.584989+00:00
703,Stevens Gaston,Actor,2025-11-21T02:06:47.584989+00:00,2025-11-21T02:06:47.584989+00:00
1034,Jack Whitehall,Actor,2025-11-21T02:06:47.584989+00:00,2025-11-21T02:06:47.584989+00:00
1250,Michael Zimbalist,Director,2025-11-21T02:06:47.584989+00:00,2025-11-21T02:06:47.584989+00:00
396,Edsson Morales,Actor,2025-11-21T02:06:47.584989+00:00,2025-11-21T02:06:47.584989+00:00
853,Ben Schnetzer,Actor,2025-11-21T02:06:47.584989+00:00,2025-11-21T02:06:47.584989+00:00
1520,Adrian Frieling,Actor,2025-11-21T02:06:47.584989+00:00,2025-11-21T02:06:47.584989+00:00
1501,Teresa Mannino,Actor,2025-11-21T02:06:47.584989+00:00,2025-11-21T02:06:47.584989+00:00
818,LaKeith Stanfield,Actor,2025-11-21T02:06:47.584989+00:00,2025-11-21T02:06:47.584989+00:00
838,Douglas Booth,Actor,2025-11-21T02:06:47.584989+00:00,2025-11-21T02:06:47.584989+00:00
39,Juan Carlos Moraga,Actor,2025-11-21T02:06:47.584989+00:00,2025-11-21T02:06:47.584989+00:00
1521,Martin Benge,Actor,2025-11-21T02:06:47.584989+00:00,2025-11-21T02:06:47.584989+00:00
777,Erin Elizabeth Burns,Actor,2025-11-21T02:06:47.584989+00:00,2025-11-21T02:06:47.584989+00:00
841,Daniel Webber,Actor,2025-11-21T02:06:47.584989+00:00,2025-11-21T02:06:47.584989+00:00
310,Aaron Maté,Actor,2025-11-21T02:06:47.584989+00:00,2025-11-21T02:06:47.584989+00:00
715,Se Oh,Actor,2025-11-21T02:06:47.584989+00:00,2025-11-21T02:06:47.584989+00:00
1141,Kate Easton,Actor,2025-11-21T02:06:47.584989+00:00,2025-11-21T02:06:47.584989+00:00
97,Ravel Cabral,Actor,2025-11-21T02:06:47.584989+00:00,2025-11-21T02:06:47.584989+00:00
1131,Osy Ikhile,Actor,2025-11-21T02:06:47.584989+00:00,2025-11-21T02:06:47.584989+00:00
1640,Camilo Becerra,Director,2025-11-21T02:06:47.584989+00:00,2025-11-21T02:06:47.584989+00:00
1215,Austin Stowell,Actor,2025-11-21T02:06:47.584989+00:00,2025-11-21T02:06:47.584989+00:00
1390,Tai Anderson,Actor,2025-11-21T02:06:47.584989+00:00,2025-11-21T02:06:47.584989+00:00
1465,Amit Ojha,Director,2025-11-21T02:06:47.584989+00:00,2025-11-21T02:06:47.584989+00:00
867,Jonathan Livingstone,Actor,2025-11-21T02:06:47.584989+00:00,2025-11-21T02:06:47.584989+00:00
1339,Maria Mogavero,Actor,2025-11-21T02:06:47.584989+00:00,2025-11-21T02:06:47.584989+00:00
830,Luca Pasqualino,Actor,2025-11-21T02:06:47.584989+00:00,2025-11-21T02:06:47.584989+00:00
1261,Meera Joshi,Actor,2025-11-21T02:06:47.584989+00:00,2025-11-21T02:06:47.584989+00:00
1377,Michael Holstein,Director,2025-11-21T02:06:47.584989+00:00,2025-11-21T02:06:47.584989+00:00
1000,Gary Carr,Actor,2025-11-21T02:06:47.584989+00:00,2025-11-21T02:06:47.584989+00:00
1085,Nick Mills,Actor,2025-11-21T02:06:47.584989+00:00,2025-11-21T02:06:47.584989+00:00
1539,Marki Henderson,Actor,2025-11-21T02:06:47.584989+00:00,2025-11-21T02:06:47.584989+00:00
1609,Logan Rogan,Actor,2025-11-21T02:06:47.584989+00:00,2025-11-21T02:06:47.584989+00:00
903,Patrick Johnson,Actor,2025-11-21T02:06:47.584989+00:00,2025-11-21T02:06:47.584989+00:00
69,Pratibha Amrutey,Actor,2025-11-21T02:06:47.584989+00:00,2025-11-21T02:06:47.584989+00:00
1140,Yasunari Takeshima,Actor,2025-11-21T02:06:47.584989+00:00,2025-11-21T02:06:47.584989+00:00
1370,Nigel O'Neill,Actor,2025-11-21T02:06:47.584989+00:00,2025-11-21T02:06:47.584989+00:00
1099,Jerry Anderson,Actor,2025-11-21T02:06:47.584989+00:00,2025-11-21T02:06:47.584989+00:00
1492,Raj Bajaj,Actor,2025-11-21T02:06:47.584989+00:00,2025-11-21T02:06:47.584989+00:00
521,Luke Bracey,Actor,2025-11-21T02:06:47.584989+00:00,2025-11-21T02:06:47.584989+00:00
1221,Ella Purnell,Actor,2025-11-21T02:06:47.584989+00:00,2025-11-21T02:06:47.584989+00:00
664,Adam Driver,Actor,2025-11-21T02:06:47.584989+00:00,2025-11-21T02:06:47.584989+00:00
532,Michelle Santiago,Actor,2025-11-21T02:06:47.584989+00:00,2025-11-21T02:06:47.584989+00:00
919,Andrea Grassi,Actor,2025-11-21T02:06:47.584989+00:00,2025-11-21T02:06:47.584989+00:00
908,Zayne Emory,Actor,2025-11-21T02:06:47.584989+00:00,2025-11-21T02:06:47.584989+00:00
795,Jeremy Irvine,Actor,2025-11-21T02:06:47.584989+00:00,2025-11-21T02:06:47.584989+00:00
432,Nick Robinson,Actor,2025-11-21T02:06:47.584989+00:00,2025-11-21T02:06:47.584989+00:00
481,Sasheer Zamata,Actor,2025-11-21T02:06:47.584989+00:00,2025-11-21T02:06:47.584989+00:00
1199,Ray Fisher,Actor,2025-11-21T02:06:47.584989+00:00,2025-11-21T02:06:47.584989+00:00
845,Brittany Furlan,Actor,2025-11-21T02:06:47.584989+00:00,2025-11-21T02:06:47.584989+00:00
1490,Theo Devaney,Actor,2025-11-21T02:06:47.584989+00:00,2025-11-21T02:06:47.584989+00:00
1298,Maria Dyer,Actor,2025-11-21T02:06:47.584989+00:00,2025-11-21T02:06:47.584989+00:00
537,Abbi Lake O'Neill,"Actor, Director",2025-11-21T02:06:47.584989+00:00,2025-11-21T02:06:47.584989+00:00
722,Emilia Clarke,Actor,2025-11-21T02:06:47.584989+00:00,2025-11-21T02:06:47.584989+00:00
417,Brittany S. Hall,Actor,2025-11-21T02:06:47.584989+00:00,2025-11-21T02:06:47.584989+00:00
1641,Sofía Gómez,Director,2025-11-21T02:06:47.584989+00:00,2025-11-21T02:06:47.584989+00:00
928,Jacob Latimore,Actor,2025-11-21T02:06:47.584989+00:00,2025-11-21T02:06:47.584989+00:00
1038,Dani Rovira,Actor,2025-11-21T02:06:47.584989+00:00,2025-11-21T02:06:47.584989+00:00
1632,Kenneth R. Frank,Director,2025-11-21T02:06:47.584989+00:00,2025-11-21T02:06:47.584989+00:00
1610,Alex Skinner,Actor,2025-11-21T02:06:47.584989+00:00,2025-11-21T02:06:47.584989+00:00
115,Eric McConnell,Actor,2025-11-21T02:06:47.584989+00:00,2025-11-21T02:06:47.584989+00:00
839,Iwan Rheon,Actor,2025-11-21T02:06:47.584989+00:00,2025-11-21T02:06:47.584989+00:00
1360,Dag Soerlie,Actor,2025-11-21T02:06:47.584989+00:00,2025-11-21T02:06:47.584989+00:00
1312,Milica Grujicic,Actor,2025-11-21T02:06:47.584989+00:00,2025-11-21T02:06:47.584989+00:00
485,Odessa Young,Actor,2025-11-21T02:06:47.584989+00:00,2025-11-21T02:06:47.584989+00:00
807,Raghuvir Joshi,Actor,2025-11-21T02:06:47.584989+00:00,2025-11-21T02:06:47.584989+00:00
1418,Louis Hofmann,Actor,2025-11-21T02:06:47.584989+00:00,2025-11-21T02:06:47.584989+00:00
1173,Frank M. Ahearn,Actor,2025-11-21T02:06:47.584989+00:00,2025-11-21T02:06:47.584989+00:00
1389,Tavares M. Wilson,Actor,2025-11-21T02:06:47.584989+00:00,2025-11-21T02:06:47.584989+00:00
732,Jodie Turner-Smith,Actor,2025-11-21T02:06:47.584989+00:00,2025-11-21T02:06:47.584989+00:00
1484,Ben Lamb,Actor,2025-11-21T02:06:47.584989+00:00,2025-11-21T02:06:47.584989+00:00
470,Ki Hong Lee,Actor,2025-11-21T02:06:47.584989+00:00,2025-11-21T02:06:47.584989+00:00
1070,Jamie Clayton,Actor,2025-11-21T02:06:47.584989+00:00,2025-11-21T02:06:47.584989+00:00
833,Eliza Matengu,Actor,2025-11-21T02:06:47.584989+00:00,2025-11-21T02:06:47.584989+00:00
1376,Piotr Domalewski,Director,2025-11-21T02:06:47.584989+00:00,2025-11-21T02:06:47.584989+00:00
1470,Elizabeth Covarrubias,Actor,2025-11-21T02:06:47.584989+00:00,2025-11-21T02:06:47.584989+00:00
983,Garret Camilleri,Actor,2025-11-21T02:06:47.584989+00:00,2025-11-21T02:06:47.584989+00:00
494,Rosa Salazar,Actor,2025-11-21T02:06:47.584989+00:00,2025-11-21T02:06:47.584989+00:00
1331,Emma MacKenzie,Actor,2025-11-21T02:06:47.584989+00:00,2025-11-21T02:06:47.584989+00:00
847,Matthew Underwood,Actor,2025-11-21T02:06:47.584989+00:00,2025-11-21T02:06:47.584989+00:00
309,Iván Orsányi,Actor,2025-11-21T02:06:47.584989+00:00,2025-11-21T02:06:47.584989+00:00
1603,Gabrielle Elyse,Actor,2025-11-21T02:06:47.584989+00:00,2025-11-21T02:06:47.584989+00:00
647,Veronica Osorio,Actor,2025-11-21T02:06:47.584989+00:00,2025-11-21T02:06:47.584989+00:00
1275,Dharmajan Bolgatty,Actor,2025-11-21T02:06:47.584989+00:00,2025-11-21T02:06:47.584989+00:00
361,Héctor Atienza,Actor,2025-11-21T02:06:47.584989+00:00,2025-11-21T02:06:47.584989+00:00
771,Clark Sarullo,Actor,2025-11-21T02:06:47.584989+00:00,2025-11-21T02:06:47.584989+00:00
510,Kiersey Clemons,Actor,2025-11-21T02:06:47.584989+00:00,2025-11-21T02:06:47.584989+00:00
1589,Marc Márquez,Actor,2025-11-21T02:06:47.584989+00:00,2025-11-21T02:06:47.584989+00:00
1245,Mariana Nunes,Actor,2025-11-21T02:06:47.584989+00:00,2025-11-21T02:06:47.584989+00:00
1399,Rodney Jackson,Director,2025-11-21T02:06:47.584989+00:00,2025-11-21T02:06:47.584989+00:00
1008,Kearia Schroeder,Actor,2025-11-21T02:06:47.584989+00:00,2025-11-21T02:06:47.584989+00:00
1316,Milica Tomovic,Director,2025-11-21T02:06:47.584989+00:00,2025-11-21T02:06:47.584989+00:00
1075,Jason Liles,Actor,2025-11-21T02:06:47.584989+00:00,2025-11-21T02:06:47.584989+00:00
1086,Tiffany Gray,Actor,2025-11-21T02:06:47.584989+00:00,2025-11-21T02:06:47.584989+00:00
592,Callum Turner,Actor,2025-11-21T02:06:47.584989+00:00,2025-11-21T02:06:47.584989+00:00
905,Luke Gregory Crosby,Actor,2025-11-21T02:06:47.584989+00:00,2025-11-21T02:06:47.584989+00:00
116,Brianna Noyes,Actor,2025-11-21T02:06:47.584989+00:00,2025-11-21T02:06:47.584989+00:00
710,Matilda Lutz,Actor,2025-11-21T02:06:47.584989+00:00,2025-11-21T02:06:47.584989+00:00
1138,Andrew Rothney,Actor,2025-11-21T02:06:47.584989+00:00,2025-11-21T02:06:47.584989+00:00
462,Tye Sheridan,Actor,2025-11-21T02:06:47.584989+00:00,2025-11-21T02:06:47.584989+00:00
123,Saraswati Bodas,Actor,2025-11-21T02:06:47.584989+00:00,2025-11-21T02:06:47.584989+00:00
1097,Danielle Kingston,Actor,2025-11-21T02:06:47.584989+00:00,2025-11-21T02:06:47.584989+00:00
738,Jack Kesy,Actor,2025-11-21T02:06:47.584989+00:00,2025-11-21T02:06:47.584989+00:00
534,Alex Ozerov-Meyer,Actor,2025-11-21T02:06:47.584989+00:00,2025-11-21T02:06:47.584989+00:00
1216,Jimmy O. Yang,Actor,2025-11-21T02:06:47.584989+00:00,2025-11-21T02:06:47.584989+00:00
497,Ed Skrein,Actor,2025-11-21T02:06:47.584989+00:00,2025-11-21T02:06:47.584989+00:00
1139,Misuzu Kanno,Actor,2025-11-21T02:06:47.584989+00:00,2025-11-21T02:06:47.584989+00:00
529,Sophie Nélisse,Actor,2025-11-21T02:06:47.584989+00:00,2025-11-21T02:06:47.584989+00:00
1487,Kevin Shen,Actor,2025-11-21T02:06:47.584989+00:00,2025-11-21T02:06:47.584989+00:00
921,Matteo Sapio,Actor,2025-11-21T02:06:47.584989+00:00,2025-11-21T02:06:47.584989+00:00
535,Jim O'Hare,Actor,2025-11-21T02:06:47.584989+00:00,2025-11-21T02:06:47.584989+00:00
731,Katie Shanahan,Director,2025-11-21T02:06:47.584989+00:00,2025-11-21T02:06:47.584989+00:00
1435,Daniel Cruz,Actor,2025-11-21T02:06:47.584989+00:00,2025-11-21T02:06:47.584989+00:00
363,Carlota Benet,Actor,2025-11-21T02:06:47.584989+00:00,2025-11-21T02:06:47.584989+00:00
589,Eugene Brave Rock,Actor,2025-11-21T02:06:47.584989+00:00,2025-11-21T02:06:47.584989+00:00
313,Jozsef Fodor,Actor,2025-11-21T02:06:47.584989+00:00,2025-11-21T02:06:47.584989+00:00
549,Asher Angel,Actor,2025-11-21T02:06:47.584989+00:00,2025-11-21T02:06:47.584989+00:00
887,Fern Nicholson,Actor,2025-11-21T02:06:47.584989+00:00,2025-11-21T02:06:47.584989+00:00
907,Tetona Jackson,Actor,2025-11-21T02:06:47.584989+00:00,2025-11-21T02:06:47.584989+00:00
910,Lillie Jacobs,Actor,2025-11-21T02:06:47.584989+00:00,2025-11-21T02:06:47.584989+00:00
787,Scott Christianson,Director,2025-11-21T02:06:47.584989+00:00,2025-11-21T02:06:47.584989+00:00
1486,Honor Kneafsey,Actor,2025-11-21T02:06:47.584989+00:00,2025-11-21T02:06:47.584989+00:00
1326,Hayley Feinstein,Actor,2025-11-21T02:06:47.584989+00:00,2025-11-21T02:06:47.584989+00:00
562,Colleen Kelly,Actor,2025-11-21T02:06:47.584989+00:00,2025-11-21T02:06:47.584989+00:00
1374,Cosmina Stratan,Actor,2025-11-21T02:06:47.584989+00:00,2025-11-21T02:06:47.584989+00:00
1127,Rory J Saper,Actor,2025-11-21T02:06:47.584989+00:00,2025-11-21T02:06:47.584989+00:00
1095,Nina Stratford,Actor,2025-11-21T02:06:47.584989+00:00,2025-11-21T02:06:47.584989+00:00
842,Erin Ownbey,Actor,2025-11-21T02:06:47.584989+00:00,2025-11-21T02:06:47.584989+00:00
909,Carrie Alexander,Actor,2025-11-21T02:06:47.584989+00:00,2025-11-21T02:06:47.584989+00:00
773,Owen Teague,Actor,2025-11-21T02:06:47.584989+00:00,2025-11-21T02:06:47.584989+00:00
1342,Ravel Andrade,Actor,2025-11-21T02:06:47.584989+00:00,2025-11-21T02:06:47.584989+00:00
1612,Benji Kleiman,Director,2025-11-21T02:06:47.584989+00:00,2025-11-21T02:06:47.584989+00:00
1363,Andy Collier,Director,2025-11-21T02:06:47.584989+00:00,2025-11-21T02:06:47.584989+00:00
1540,Corey Newton,Actor,2025-11-21T02:06:47.584989+00:00,2025-11-21T02:06:47.584989+00:00
1066,Colin Kane,Actor,2025-11-21T02:06:47.584989+00:00,2025-11-21T02:06:47.584989+00:00
1605,Austin Fryberger,Actor,2025-11-21T02:06:47.584989+00:00,2025-11-21T02:06:47.584989+00:00
918,Peter Kiedrowski,Actor,2025-11-21T02:06:47.584989+00:00,2025-11-21T02:06:47.584989+00:00
1343,Ana Flavia Cavalcanti,Actor,2025-11-21T02:06:47.584989+00:00,2025-11-21T02:06:47.584989+00:00
1098,Joe Riley,Actor,2025-11-21T02:06:47.584989+00:00,2025-11-21T02:06:47.584989+00:00
1513,Penelope Tsilika,Actor,2025-11-21T02:06:47.584989+00:00,2025-11-21T02:06:47.584989+00:00
499,Keean Johnson,Actor,2025-11-21T02:06:47.584989+00:00,2025-11-21T02:06:47.584989+00:00
1100,Lydia Kay,Actor,2025-11-21T02:06:47.584989+00:00,2025-11-21T02:06:47.584989+00:00
1523,Janis Rafailidou,Director,2025-11-21T02:06:47.584989+00:00,2025-11-21T02:06:47.584989+00:00
1273,Athul,Actor,2025-11-21T02:06:47.584989+00:00,2025-11-21T02:06:47.584989+00:00
660,Abby Ryder Fortson,Actor,2025-11-21T02:06:47.584989+00:00,2025-11-21T02:06:47.584989+00:00
829,Wallis Day,Actor,2025-11-21T02:06:47.584989+00:00,2025-11-21T02:06:47.584989+00:00
1238,Grey Henson,Actor,2025-11-21T02:06:47.584989+00:00,2025-11-21T02:06:47.584989+00:00
1623,Chandler Rosenthal,Actor,2025-11-21T02:06:47.584989+00:00,2025-11-21T02:06:47.584989+00:00
1424,Keya Hamilton,Actor,2025-11-21T02:06:47.584989+00:00,2025-11-21T02:06:47.584989+00:00
946,Jeté Laurence,Actor,2025-11-21T02:06:47.584989+00:00,2025-11-21T02:06:47.584989+00:00
755,Clarence Phillpot,Actor,2025-11-21T02:06:47.584989+00:00,2025-11-21T02:06:47.584989+00:00
438,Danny Lund,Actor,2025-11-21T02:06:47.584989+00:00,2025-11-21T02:06:47.584989+00:00
1069,Odessa A'zion,Actor,2025-11-21T02:06:47.584989+00:00,2025-11-21T02:06:47.584989+00:00
716,Patrick Walker,Actor,2025-11-21T02:06:47.584989+00:00,2025-11-21T02:06:47.584989+00:00
1234,Jasmine Batchelor,Actor,2025-11-21T02:06:47.584989+00:00,2025-11-21T02:06:47.584989+00:00
1442,Kiko Sanchez,Actor,2025-11-21T02:06:47.584989+00:00,2025-11-21T02:06:47.584989+00:00
1499,Tommaso Lazotti,Actor,2025-11-21T02:06:47.584989+00:00,2025-11-21T02:06:47.584989+00:00
1327,Max Lewkowicz,Director,2025-11-21T02:06:47.584989+00:00,2025-11-21T02:06:47.584989+00:00
819,Brian Bowman,Actor,2025-11-21T02:06:47.584989+00:00,2025-11-21T02:06:47.584989+00:00
1426,Kimberly Hester Huffstetler,Actor,2025-11-21T02:06:47.584989+00:00,2025-11-21T02:06:47.584989+00:00
911,Zander Faden,Actor,2025-11-21T02:06:47.584989+00:00,2025-11-21T02:06:47.584989+00:00
314,István Draco Markolt,Actor,2025-11-21T02:06:47.584989+00:00,2025-11-21T02:06:47.584989+00:00
519,Uli Latukefu,Actor,2025-11-21T02:06:47.584989+00:00,2025-11-21T02:06:47.584989+00:00
478,Nicholas Galitzine,Actor,2025-11-21T02:06:47.584989+00:00,2025-11-21T02:06:47.584989+00:00
1313,Slaven Doslo,Actor,2025-11-21T02:06:47.584989+00:00,2025-11-21T02:06:47.584989+00:00
1189,Chiara Aurelia,Actor,2025-11-21T02:06:47.584989+00:00,2025-11-21T02:06:47.584989+00:00
1243,Kevin de Paula,Actor,2025-11-21T02:06:47.584989+00:00,2025-11-21T02:06:47.584989+00:00
1244,Leonardo Lima Carvalho,Actor,2025-11-21T02:06:47.584989+00:00,2025-11-21T02:06:47.584989+00:00
1230,Chanté Adams,Actor,2025-11-21T02:06:47.584989+00:00,2025-11-21T02:06:47.584989+00:00
1395,Jerry Irwin,Actor,2025-11-21T02:06:47.584989+00:00,2025-11-21T02:06:47.584989+00:00
1353,Sophie Stevens,Actor,2025-11-21T02:06:47.584989+00:00,2025-11-21T02:06:47.584989+00:00
311,Gergõ Hodúr,Actor,2025-11-21T02:06:47.584989+00:00,2025-11-21T02:06:47.584989+00:00
1446,Davy Williams,Actor,2025-11-21T02:06:47.584989+00:00,2025-11-21T02:06:47.584989+00:00
321,Lola Wayne Villa,Actor,2025-11-21T02:06:47.584989+00:00,2025-11-21T02:06:47.584989+00:00
399,Sonia Albizuri,Actor,2025-11-21T02:06:47.584989+00:00,2025-11-21T02:06:47.584989+00:00
1307,Stefan Trifunovic,Actor,2025-11-21T02:06:47.584989+00:00,2025-11-21T02:06:47.584989+00:00
480,Camila Mendes,Actor,2025-11-21T02:06:47.584989+00:00,2025-11-21T02:06:47.584989+00:00
1401,Casey James,Actor,2025-11-21T02:06:47.584989+00:00,2025-11-21T02:06:47.584989+00:00
1304,Soraïa Scicchitano,Actor,2025-11-21T02:06:47.584989+00:00,2025-11-21T02:06:47.584989+00:00
1358,Jack Kristiansen,Actor,2025-11-21T02:06:47.584989+00:00,2025-11-21T02:06:47.584989+00:00
772,Ethan Andrew Casto,Actor,2025-11-21T02:06:47.584989+00:00,2025-11-21T02:06:47.584989+00:00
550,Jack Dylan Grazer,Actor,2025-11-21T02:06:47.584989+00:00,2025-11-21T02:06:47.584989+00:00
448,Hannah Nordberg,Actor,2025-11-21T02:06:47.584989+00:00,2025-11-21T02:06:47.584989+00:00
1255,Elrich Yssel,Director,2025-11-21T02:06:47.584989+00:00,2025-11-21T02:06:47.584989+00:00
1564,Ali Riza Tanyeli,Actor,2025-11-21T02:06:47.584989+00:00,2025-11-21T02:06:47.584989+00:00
1602,Mary Nepi,Actor,2025-11-21T02:06:47.584989+00:00,2025-11-21T02:06:47.584989+00:00
1347,Matheus Torreão,Actor,2025-11-21T02:06:47.584989+00:00,2025-11-21T02:06:47.584989+00:00
906,Gavin Lewis,Actor,2025-11-21T02:06:47.584989+00:00,2025-11-21T02:06:47.584989+00:00
1450,June Lee,Actor,2025-11-21T02:06:47.584989+00:00,2025-11-21T02:06:47.584989+00:00
1398,Jesse Miller,Actor,2025-11-21T02:06:47.584989+00:00,2025-11-21T02:06:47.584989+00:00
1133,Antony Acheampong,Actor,2025-11-21T02:06:47.584989+00:00,2025-11-21T02:06:47.584989+00:00
1190,Hala Finley,Actor,2025-11-21T02:06:47.584989+00:00,2025-11-21T02:06:47.584989+00:00
1072,Drew Starkey,Actor,2025-11-21T02:06:47.584989+00:00,2025-11-21T02:06:47.584989+00:00
1429,Jessica Barrett,Actor,2025-11-21T02:06:47.584989+00:00,2025-11-21T02:06:47.584989+00:00
395,Katherine Cullen,Actor,2025-11-21T02:06:47.584989+00:00,2025-11-21T02:06:47.584989+00:00
1268,Sheelu Abraham,Actor,2025-11-21T02:06:47.584989+00:00,2025-11-21T02:06:47.584989+00:00
1478,Shataf Figar,Actor,2025-11-21T02:06:47.584989+00:00,2025-11-21T02:06:47.584989+00:00
1439,Hailey Josselyn,Actor,2025-11-21T02:06:47.584989+00:00,2025-11-21T02:06:47.584989+00:00
1352,Kaushik Mondal,Director,2025-11-21T02:06:47.584989+00:00,2025-11-21T02:06:47.584989+00:00
1252,Fabio del Greco,"Actor, Director",2025-11-21T02:06:47.584989+00:00,2025-11-21T02:06:47.584989+00:00
846,Trace Masters,Actor,2025-11-21T02:06:47.584989+00:00,2025-11-21T02:06:47.584989+00:00
1040,Dan Dargan Carter,Actor,2025-11-21T02:06:47.584989+00:00,2025-11-21T02:06:47.584989+00:00
1438,Carla Garcia,Actor,2025-11-21T02:06:47.584989+00:00,2025-11-21T02:06:47.584989+00:00
1517,Oguzhan Kaya,Actor,2025-11-21T02:06:47.584989+00:00,2025-11-21T02:06:47.584989+00:00
78,Mc Jones,Director,2025-11-21T02:06:47.584989+00:00,2025-11-21T02:06:47.584989+00:00
1614,Qi An,Actor,2025-11-21T02:06:47.584989+00:00,2025-11-21T02:06:47.584989+00:00
522,Sean McCarthy,Actor,2025-11-21T02:06:47.584989+00:00,2025-11-21T02:06:47.584989+00:00
1397,Luther Thompson Jr.,Actor,2025-11-21T02:06:47.584989+00:00,2025-11-21T02:06:47.584989+00:00
501,Lana Condor,Actor,2025-11-21T02:06:47.584989+00:00,2025-11-21T02:06:47.584989+00:00
1297,Arisleyda Dilone,Actor,2025-11-21T02:06:47.584989+00:00,2025-11-21T02:06:47.584989+00:00
904,Lyliana Wray,Actor,2025-11-21T02:06:47.584989+00:00,2025-11-21T02:06:47.584989+00:00
1477,Priya Dutta,Actor,2025-11-21T02:06:47.584989+00:00,2025-11-21T02:06:47.584989+00:00
524,Ryan Hance,Actor,2025-11-21T02:06:47.584989+00:00,2025-11-21T02:06:47.584989+00:00
1128,Christian Stevens,Actor,2025-11-21T02:06:47.584989+00:00,2025-11-21T02:06:47.584989+00:00
1528,Martin Bo Lindsten,Actor,2025-11-21T02:06:47.584989+00:00,2025-11-21T02:06:47.584989+00:00
1511,Adam Lazarus,Actor,2025-11-21T02:06:47.584989+00:00,2025-11-21T02:06:47.584989+00:00
902,Allie Marie Evans,Actor,2025-11-21T02:06:47.584989+00:00,2025-11-21T02:06:47.584989+00:00
1449,Daniela Brown,Actor,2025-11-21T02:06:47.584989+00:00,2025-11-21T02:06:47.584989+00:00
1089,David Mills,Actor,2025-11-21T02:06:47.584989+00:00,2025-11-21T02:06:47.584989+00:00
821,Brent Vimtrup,Actor,2025-11-21T02:06:47.584989+00:00,2025-11-21T02:06:47.584989+00:00
1573,Seth Breedlove,Director,2025-11-21T02:06:47.584989+00:00,2025-11-21T02:06:47.584989+00:00
676,Noah Jupe,Actor,2025-11-21T02:06:47.584989+00:00,2025-11-21T02:06:47.584989+00:00
500,Jorge Lendeborg Jr.,Actor,2025-11-21T02:06:47.584989+00:00,2025-11-21T02:06:47.584989+00:00
832,Martyn Ford,Actor,2025-11-21T02:06:47.584989+00:00,2025-11-21T02:06:47.584989+00:00
1277,Kannan Thamarakkulam,Director,2025-11-21T02:06:47.584989+00:00,2025-11-21T02:06:47.584989+00:00
1437,Sheila Eden,Actor,2025-11-21T02:06:47.584989+00:00,2025-11-21T02:06:47.584989+00:00
1427,Kareem L. Alston,Actor,2025-11-21T02:06:47.584989+00:00,2025-11-21T02:06:47.584989+00:00
1071,Adam Faison,Actor,2025-11-21T02:06:47.584989+00:00,2025-11-21T02:06:47.584989+00:00
364,Nerea Blanco,Actor,2025-11-21T02:06:47.584989+00:00,2025-11-21T02:06:47.584989+00:00
949,Obssa Ahmed,Actor,2025-11-21T02:06:47.584989+00:00,2025-11-21T02:06:47.584989+00:00
1130,Sidney Ralitsoele,Actor,2025-11-21T02:06:47.584989+00:00,2025-11-21T02:06:47.584989+00:00
1471,Felix Hernandez,Actor,2025-11-21T02:06:47.584989+00:00,2025-11-21T02:06:47.584989+00:00
1423,Vikas Indra,Director,2025-11-21T02:06:47.584989+00:00,2025-11-21T02:06:47.584989+00:00
553,Faithe Herman,Actor,2025-11-21T02:06:47.584989+00:00,2025-11-21T02:06:47.584989+00:00
1516,Tasos Rafailidis,Actor,2025-11-21T02:06:47.584989+00:00,2025-11-21T02:06:47.584989+00:00
1336,Nicole Watson,Actor,2025-11-21T02:06:47.584989+00:00,2025-11-21T02:06:47.584989+00:00
1468,Germano Blanco,Actor,2025-11-21T02:06:47.584989+00:00,2025-11-21T02:06:47.584989+00:00
513,Saoirse-Monica Jackson,Actor,2025-11-21T02:06:47.584989+00:00,2025-11-21T02:06:47.584989+00:00
1538,Boya Harizanova,Director,2025-11-21T02:06:47.584989+00:00,2025-11-21T02:06:47.584989+00:00
1231,Jalon Christian,Actor,2025-11-21T02:06:47.584989+00:00,2025-11-21T02:06:47.584989+00:00
1073,Brandon Flynn,Actor,2025-11-21T02:06:47.584989+00:00,2025-11-21T02:06:47.584989+00:00
1518,Gokhan Kaya,Actor,2025-11-21T02:06:47.584989+00:00,2025-11-21T02:06:47.584989+00:00
1303,Wi-Moto Nyoka,Actor,2025-11-21T02:06:47.584989+00:00,2025-11-21T02:06:47.584989+00:00
822,Michael Bath,Actor,2025-11-21T02:06:47.584989+00:00,2025-11-21T02:06:47.584989+00:00
823,Reginald Willis,Actor,2025-11-21T02:06:47.584989+00:00,2025-11-21T02:06:47.584989+00:00
1299,Ostin Fam,Actor,2025-11-21T02:06:47.584989+00:00,2025-11-21T02:06:47.584989+00:00
415,Daria Johns,Actor,2025-11-21T02:06:47.584989+00:00,2025-11-21T02:06:47.584989+00:00
790,Asher Miles Fallica,Actor,2025-11-21T02:06:47.584989+00:00,2025-11-21T02:06:47.584989+00:00
1300,Jimena Herrero,Actor,2025-11-21T02:06:47.584989+00:00,2025-11-21T02:06:47.584989+00:00
1142,Haruka Imô,Actor,2025-11-21T02:06:47.584989+00:00,2025-11-21T02:06:47.584989+00:00
1444,David Mcknight,Actor,2025-11-21T02:06:47.584989+00:00,2025-11-21T02:06:47.584989+00:00
1354,Ludovic Hughes,Actor,2025-11-21T02:06:47.584989+00:00,2025-11-21T02:06:47.584989+00:00
1391,Travis Cure,Actor,2025-11-21T02:06:47.584989+00:00,2025-11-21T02:06:47.584989+00:00
1088,Kate Sumpter,Actor,2025-11-21T02:06:47.584989+00:00,2025-11-21T02:06:47.584989+00:00
679,Landon Gordon,Actor,2025-11-21T02:06:47.584989+00:00,2025-11-21T02:06:47.584989+00:00
157,Shanna Thomas,Actor,2025-11-21T02:06:47.584989+00:00,2025-11-21T02:06:47.584989+00:00
1283,Chunk,Actor,2025-11-21T02:06:47.584989+00:00,2025-11-21T02:06:47.584989+00:00
1553,Alexander Kuznetsov,Actor,2025-11-21T02:06:47.584989+00:00,2025-11-21T02:06:47.584989+00:00
1235,Marchánt Davis,Actor,2025-11-21T02:06:47.584989+00:00,2025-11-21T02:06:47.584989+00:00
678,Gavin Wilde,Actor,2025-11-21T02:06:47.584989+00:00,2025-11-21T02:06:47.584989+00:00
1630,Vinita Handa-Koller,Actor,2025-11-21T02:06:47.584989+00:00,2025-11-21T02:06:47.584989+00:00
507,Sasha Calle,Actor,2025-11-21T02:06:47.584989+00:00,2025-11-21T02:06:47.584989+00:00
1443,Scot Scurlock,Actor,2025-11-21T02:06:47.584989+00:00,2025-11-21T02:06:47.584989+00:00
327,Louis Ross,Director,2025-11-21T02:06:47.584989+00:00,2025-11-21T02:06:47.584989+00:00
129,Sadanand Joshi,Actor,2025-11-21T02:06:47.584989+00:00,2025-11-21T02:06:47.584989+00:00
1530,Bertil Smith,Actor,2025-11-21T02:06:47.584989+00:00,2025-11-21T02:06:47.584989+00:00
1507,Nanda Gopal,Actor,2025-11-21T02:06:47.584989+00:00,2025-11-21T02:06:47.584989+00:00
1633,Pedro Ben,Actor,2025-11-21T02:06:47.584989+00:00,2025-11-21T02:06:47.584989+00:00
1466,Keyla Monterroso Mejia,Actor,2025-11-21T02:06:47.584989+00:00,2025-11-21T02:06:47.584989+00:00
1469,Juan Felipe Restrepo,Actor,2025-11-21T02:06:47.584989+00:00,2025-11-21T02:06:47.584989+00:00
868,Miranda Sarfo Peprah,Actor,2025-11-21T02:06:47.584989+00:00,2025-11-21T02:06:47.584989+00:00
424,Elizabeth Bluhm,Actor,2025-11-21T02:06:47.584989+00:00,2025-11-21T02:06:47.584989+00:00
1330,Valeri Lilov,Director,2025-11-21T02:06:47.584989+00:00,2025-11-21T02:06:47.584989+00:00
1572,Onur Aldogan,Director,2025-11-21T02:06:47.584989+00:00,2025-11-21T02:06:47.584989+00:00
1311,Konstantin Ilin,Actor,2025-11-21T02:06:47.584989+00:00,2025-11-21T02:06:47.584989+00:00
1294,André Miranda,Director,2025-11-21T02:06:47.584989+00:00,2025-11-21T02:06:47.584989+00:00
1286,Chase Barker,Actor,2025-11-21T02:06:47.584989+00:00,2025-11-21T02:06:47.584989+00:00
1474,Tristan Domani,Actor,2025-11-21T02:06:47.584989+00:00,2025-11-21T02:06:47.584989+00:00
1447,Sean Eden Yi,Actor,2025-11-21T02:06:47.584989+00:00,2025-11-21T02:06:47.584989+00:00
1445,Michael Anthony Giudicissi,Director,2025-11-21T02:06:47.584989+00:00,2025-11-21T02:06:47.584989+00:00
1392,Alyvia Bush,Actor,2025-11-21T02:06:47.584989+00:00,2025-11-21T02:06:47.584989+00:00
423,Esthir Marks,Actor,2025-11-21T02:06:47.584989+00:00,2025-11-21T02:06:47.584989+00:00
1454,Jerimiyah Dunbar,Actor,2025-11-21T02:06:47.584989+00:00,2025-11-21T02:06:47.584989+00:00
1396,Erica Sutherland,Actor,2025-11-21T02:06:47.584989+00:00,2025-11-21T02:06:47.584989+00:00
365,Lluís Borbalás Cruz,Actor,2025-11-21T02:06:47.584989+00:00,2025-11-21T02:06:47.584989+00:00
1143,Yu Mizuhara,Actor,2025-11-21T02:06:47.584989+00:00,2025-11-21T02:06:47.584989+00:00
999,Nitram Nosirrag,Director,2025-11-21T02:06:47.584989+00:00,2025-11-21T02:06:47.584989+00:00
1476,Felipe Martinez,Director,2025-11-21T02:06:47.584989+00:00,2025-11-21T02:06:47.584989+00:00
1074,Aoife Hinds,Actor,2025-11-21T02:06:47.584989+00:00,2025-11-21T02:06:47.584989+00:00
1566,Gökhan Tevek,Actor,2025-11-21T02:06:47.584989+00:00,2025-11-21T02:06:47.584989+00:00
1624,Frank Failla,Actor,2025-11-21T02:06:47.584989+00:00,2025-11-21T02:06:47.584989+00:00
1571,Rifat Kanpara,Actor,2025-11-21T02:06:47.584989+00:00,2025-11-21T02:06:47.584989+00:00
520,Rihari Te Are,Actor,2025-11-21T02:06:47.584989+00:00,2025-11-21T02:06:47.584989+00:00
1295,Amina Ben Ismail,Actor,2025-11-21T02:06:47.584989+00:00,2025-11-21T02:06:47.584989+00:00
1345,Matheus Macena,Actor,2025-11-21T02:06:47.584989+00:00,2025-11-21T02:06:47.584989+00:00
863,Jahzir Bruno,Actor,2025-11-21T02:06:47.584989+00:00,2025-11-21T02:06:47.584989+00:00
1599,Karla Garbelotto,Actor,2025-11-21T02:06:47.584989+00:00,2025-11-21T02:06:47.584989+00:00
114,David Karsten,Actor,2025-11-21T02:06:47.584989+00:00,2025-11-21T02:06:47.584989+00:00
1388,Arash Zaree,Director,2025-11-21T02:06:47.584989+00:00,2025-11-21T02:06:47.584989+00:00
1266,Rajesh Balkrishna Jadhav,Director,2025-11-21T02:06:47.584989+00:00,2025-11-21T02:06:47.584989+00:00
516,Toby Blome,Actor,2025-11-21T02:06:47.584989+00:00,2025-11-21T02:06:47.584989+00:00
1174,Holly Caulfield,Actor,2025-11-21T02:06:47.584989+00:00,2025-11-21T02:06:47.584989+00:00
397,Jordan Baker,Actor,2025-11-21T02:06:47.584989+00:00,2025-11-21T02:06:47.584989+00:00
1453,Crystal J. Huang,Actor,2025-11-21T02:06:47.584989+00:00,2025-11-21T02:06:47.584989+00:00
117,Carlos Nucci,Actor,2025-11-21T02:06:47.584989+00:00,2025-11-21T02:06:47.584989+00:00
1084,Evan Milton,Actor,2025-11-21T02:06:47.584989+00:00,2025-11-21T02:06:47.584989+00:00
844,Alyssa Marie Stilwell,Actor,2025-11-21T02:06:47.584989+00:00,2025-11-21T02:06:47.584989+00:00
947,Hugo Lavoie,Actor,2025-11-21T02:06:47.584989+00:00,2025-11-21T02:06:47.584989+00:00
948,Lucas Lavoie,Actor,2025-11-21T02:06:47.584989+00:00,2025-11-21T02:06:47.584989+00:00
1432,Joshua Bankey,Actor,2025-11-21T02:06:47.584989+00:00,2025-11-21T02:06:47.584989+00:00
